source,result
PanelCheck/InstantViewCheck@2x.png,drawable-xhdpi/instant_view_check.png
PanelCheck/InstantViewCheck@3x.png,drawable-xxhdpi/instant_view_check.png
ImageLink/Link@2x.png,drawable-xhdpi/link.png
ImageLink/Link@3x.png,drawable-xxhdpi/link.png
Maps/200x200bb-75.jpg,drawable-nodpi/img_200x200bb_75.jpg
Placeholder/CameraPlaceholder.jpg,drawable-nodpi/camera_placeholder.jpg
Stroke/shapeStroke.png,drawable-mdpi/shape_stroke.png
ToolPenTip/pen.png,drawable-mdpi/tool_pen_tip_pen.png
Shadow/Shadow.png,drawable-mdpi/shadow_shadow.png
ToolPenShadow/Pen.png,drawable-mdpi/tool_pen_shadow_pen.png
LocalGroupDarkIcon/map_dark@2x.png,drawable-xhdpi/map_dark.png
LocalGroupDarkIcon/map_dark@3x.png,drawable-xxhdpi/map_dark.png
LiveLocationPanelIcon/LiveLocationTitlePin@2x.png,drawable-xhdpi/live_location_title_pin.png
LiveLocationPanelIcon/LiveLocationTitlePin@3x.png,drawable-xxhdpi/live_location_title_pin.png
MediaGridShadow/shadow@3x.png,drawable-xxhdpi/media_grid_shadow_shadow.png
close/close@2x.png,drawable-xhdpi/close.png
close/close.png,drawable-mdpi/close.png
close/close@3x.png,drawable-xxhdpi/close.png
LocalGroupLightIcon/map_day@2x.png,drawable-xhdpi/map_day.png
LocalGroupLightIcon/map_day@3x.png,drawable-xxhdpi/map_day.png
CallKitLogo/CallKitLogo@2x.png,drawable-xhdpi/call_kit_logo.png
CallKitLogo/CallKitLogo@3x.png,drawable-xxhdpi/call_kit_logo.png
OverlayInstantVideoShadow/VideoMessagePIPShadow@3x.png,drawable-xxhdpi/video_message_pip_shadow.png
OverlayInstantVideoShadow/VideoMessagePIPShadow@2x.png,drawable-xhdpi/video_message_pip_shadow.png
PinShadow/LocationPinShadow@2x.png,drawable-xhdpi/location_pin_shadow.png
PinShadow/LocationPinShadow@3x.png,drawable-xxhdpi/location_pin_shadow.png
ShapeRectangle/shapeRectangle.png,drawable-mdpi/shape_rectangle.png
CubeSide/cubeside.png,drawable-mdpi/cubeside.png
InlineVideoMute/Muted@3x.png,drawable-xxhdpi/muted.png
InlineVideoMute/Muted@2x.png,drawable-xhdpi/muted.png
DocumentInputBackSide/reverse@3x.png,drawable-xxhdpi/reverse.png
DocumentInputBackSide/reverse@2x.png,drawable-xhdpi/reverse.png
Cocoon/cocoon.png,drawable-mdpi/cocoon.png
Keypad/Keyboard.png,drawable-mdpi/keyboard.png
IdCardInputFrontSide/idcard@3x.png,drawable-xxhdpi/idcard.png
IdCardInputFrontSide/idcard@2x.png,drawable-xhdpi/idcard.png
Check/RecordCheck.png,drawable-mdpi/record_check.png
ToolArrowShadow/Arrow.png,drawable-mdpi/arrow.png
SettingsArrow/InstantViewRightCorner@3x.png,drawable-xxhdpi/instant_view_right_corner.png
SettingsArrow/InstantViewRightCorner@2x.png,drawable-xhdpi/instant_view_right_corner.png
GifsNotFoundIcon/GifsNotFound@3x.png,drawable-xxhdpi/gifs_not_found.png
GifsNotFoundIcon/GifsNotFound@2x.png,drawable-xhdpi/gifs_not_found.png
LegacyCallMuteButton/submodules_TelegramUI_Images.xcassets_Call_CallMuteButton.imageset_CallMuteIcon@3x_Before_b542dc3fd7b381de80e554286a94ccd5b8d02,drawable-xxhdpi/call_mute_icon_legacy.png
LegacyCallMuteButton/submodules_TelegramUI_Images.xcassets_Call_CallMuteButton.imageset_CallMuteIcon@2x_Before_b542dc3fd7b381de80e554286a94ccd5b8d02,drawable-xhdpi/call_mute_icon_legacy.png
Mirror/PhotoEditorMirrorIcon@3x.png,drawable-xxhdpi/photo_editor_mirror_icon.png
RoundSpectrum/spectrum.png,drawable-mdpi/round_spectrum_spectrum.png
Black/black@270x270.png,drawable-mdpi/black_270x270.png
ToolNeonTip/neon.png,drawable-mdpi/tool_neon_tip_neon.png
expand/expand@2x.png,drawable-xhdpi/expand.png
expand/expand@3x.png,drawable-xxhdpi/expand.png
expand/expand.png,drawable-mdpi/expand.png
TextSpeckle/textSpeckle_Normal.png,drawable-mdpi/text_speckle_normal.png
Turbo/turbo@270x270.png,drawable-mdpi/turbo_270x270.png
OverlayPlainVideoShadow/PictureInPictureShadow@2x.png,drawable-xhdpi/picture_in_picture_shadow.png
share/share@3x.png,drawable-xxhdpi/share.png
share/share.png,drawable-mdpi/share.png
share/share@2x.png,drawable-xhdpi/share.png
ReactionsStar/ministar@3x.png,drawable-xxhdpi/ministar.png
PeerPinnedIcon/ic_chatslistpin@3x.png,drawable-xxhdpi/ic_chatslistpin.png
PeerPinnedIcon/ic_chatslistpin@2x.png,drawable-xhdpi/ic_chatslistpin.png
PasscodeIntroIcon/PasscodePlaceholderIcon@2x.png,drawable-xhdpi/passcode_placeholder_icon.png
PasscodeIntroIcon/PasscodePlaceholderIcon@3x.png,drawable-xxhdpi/passcode_placeholder_icon.png
SettingsFontMinIcon/InstantViewFontMinIcon@2x.png,drawable-xhdpi/instant_view_font_min_icon.png
SettingsFontMinIcon/InstantViewFontMinIcon@3x.png,drawable-xxhdpi/instant_view_font_min_icon.png
MoreIcon/ic_more@3x.png,drawable-xxhdpi/ic_more.png
MoreIcon/ic_more@2x.png,drawable-xhdpi/ic_more.png
PanelGradient/smoothGradient 0.4.png,drawable-mdpi/panel_gradient_smooth_gradient_0_4.png
AccessoryIconSchedule/ScheduleInput@3x (2).png,drawable-mdpi/schedule_input_3x_2.png
AccessoryIconSchedule/ScheduleInput@2x (2).png,drawable-mdpi/schedule_input_2x_2.png
AppBadge/AppBadge@3x.png,drawable-xxhdpi/app_badge.png
EncircledCloseButton/ModernConversationTitlePanelClose@3x.png,drawable-xxhdpi/modern_conversation_title_panel_close.png
EncircledCloseButton/ModernConversationTitlePanelClose@2x.png,drawable-xhdpi/modern_conversation_title_panel_close.png
ToolNeonShadow/Neon.png,drawable-mdpi/tool_neon_shadow_neon.png
ToolBlur/blur base.png,drawable-mdpi/blur_base.png
AddItemIcon/ic_addoption@2x.png,drawable-xhdpi/ic_addoption.png
AddItemIcon/ic_addoption@3x.png,drawable-xxhdpi/ic_addoption.png
_CaseCollisions_2/Eyedropper/eyedropper.png,drawable-mdpi/eyedropper.png
_CaseCollisions_2/Contacts/Contacts@2x.png,drawable-xhdpi/contacts.png
_CaseCollisions_2/Contacts/Contacts@3x.png,drawable-xxhdpi/contacts.png
_CaseCollisions_2/Notifications/Notifications@3x.png,drawable-xxhdpi/notifications.png
_CaseCollisions_2/Notifications/Notifications@2x.png,drawable-xhdpi/notifications.png
_CaseCollisions_2/DisclosureArrow/ModernListsDisclosureIndicatorSmall@2x.png,drawable-xhdpi/modern_lists_disclosure_indicator_small.png
_CaseCollisions_2/ScheduleIcon/ScheduleSendButton@2x.png,drawable-xhdpi/schedule_send_button.png
_CaseCollisions_2/ScheduleIcon/ScheduleSendButton@3x.png,drawable-xxhdpi/schedule_send_button.png
_CaseCollisions_2/ZoomOut/zoomOut.png,drawable-mdpi/zoom_out.png
_CaseCollisions_2/Cloud/ChatCloudInfoIcon@3x.png,drawable-xxhdpi/chat_cloud_info_icon.png
_CaseCollisions_2/Cloud/ChatCloudInfoIcon@2x.png,drawable-xhdpi/chat_cloud_info_icon.png
_CaseCollisions_2/Telegram/Telegram1024x1024_ISAppearanceTintable_2762FF34-4745-4B6E-8BD3-F061A2012DDA-79831-0000000A3D045A32.png,drawable-mdpi/telegram1024x1024_is_appearance_tintable_2762_ff34_4745_4_b6_e_8_bd3_f061_a2012_dda_79831_0000000_a3_d045_a32.png
_CaseCollisions_2/Telegram/Telegram1024x1024_UIAppearanceAny_E9F0459F-9009-494F-939D-BE835775189A-79831-0000000A378A07C2.png,drawable-mdpi/telegram1024x1024_ui_appearance_any_e9_f0459_f_9009_494_f_939_d_be835775189_a_79831_0000000_a378_a07_c2.png
_CaseCollisions_2/Telegram/Telegram1024x1024_UIAppearanceDark_27BE5EDA-6BAC-4BB7-8106-EB5C22743FB1-79831-0000000A3A5EF17A.png,drawable-mdpi/telegram1024x1024_ui_appearance_dark_27_be5_eda_6_bac_4_bb7_8106_eb5_c22743_fb1_79831_0000000_a3_a5_ef17_a.png
_CaseCollisions_2/Premium/premium@270x270.png,drawable-mdpi/premium_270x270.png
_CaseCollisions_2/Rotate/PhotoEditorRotateIcon@3x.png,drawable-xxhdpi/photo_editor_rotate_icon.png
IconExpandInput/StickersTabArrow@2x.png,drawable-xhdpi/stickers_tab_arrow.png
IconExpandInput/StickersTabArrow@3x.png,drawable-xxhdpi/stickers_tab_arrow.png
_CaseCollisions_3/Arrow/PreviewUpArrow@2x.png,drawable-xhdpi/preview_up_arrow.png
_CaseCollisions_3/Add/add.png,drawable-mdpi/add.png
DriversLicenseInputFrontSide/driver@2x.png,drawable-xhdpi/driver.png
DriversLicenseInputFrontSide/driver@3x.png,drawable-xxhdpi/driver.png
PictureInPicturePlay/PictureInPicturePlay@2x.png,drawable-xhdpi/picture_in_picture_play.png
LegacyCallPhoneButton/submodules_TelegramUI_Images.xcassets_Call_CallPhoneButton.imageset_CallPhoneIcon@3x_Before_b542dc3fd7b381de80e554286a94ccd5b8d,drawable-xxhdpi/call_phone_icon_legacy.png
LegacyCallPhoneButton/submodules_TelegramUI_Images.xcassets_Call_CallPhoneButton.imageset_CallPhoneIcon@2x_Before_b542dc3fd7b381de80e554286a94ccd5b8d,drawable-xhdpi/call_phone_icon_legacy.png
VolumeButtonIcon/Volume8@2x.png,drawable-xhdpi/volume8.png
VolumeButtonIcon/Volume8@3x.png,drawable-xxhdpi/volume8.png
StarHighlighted/star2@3x.png,drawable-xxhdpi/star2.png
StarHighlighted/star2@2x.png,drawable-xhdpi/star2.png
GridSetupIcon/StickersGroupSettings@2x.png,drawable-xhdpi/stickers_group_settings.png
GridSetupIcon/StickersGroupSettings@3x.png,drawable-xxhdpi/stickers_group_settings.png
AccessoryIconKeyboard/ConversationInputFieldKeyboardIcon@3x.png,drawable-xxhdpi/conversation_input_field_keyboard_icon.png
AccessoryIconKeyboard/ConversationInputFieldKeyboardIcon@2x.png,drawable-xhdpi/conversation_input_field_keyboard_icon.png
SelfiePlaceholder/VideoMessagePlaceholder.jpg,drawable-nodpi/video_message_placeholder.jpg
SearchBarSearchIcon/SearchBarIconLightLarge@3x.png,drawable-xxhdpi/search_bar_icon_light_large.png
SearchBarSearchIcon/SearchBarIconLightLarge@2x.png,drawable-xhdpi/search_bar_icon_light_large.png
_CaseCollisions_4/Flip/shapeFlip.png,drawable-mdpi/shape_flip.png
LocationPinForeground/LocationMessagePinIcon@2x.png,drawable-xhdpi/location_message_pin_icon.png
LocationPinForeground/LocationMessagePinIcon@3x.png,drawable-xxhdpi/location_message_pin_icon.png
ToolMarkerShadow/Brush.png,drawable-mdpi/tool_marker_shadow_brush.png
PasscodeTouchId/touchid@2x.png,drawable-xhdpi/touchid.png
PasscodeTouchId/touchid@3x.png,drawable-xxhdpi/touchid.png
ActionIcon/ic_share@2x.png,drawable-xhdpi/ic_share.png
ActionIcon/ic_share@3x.png,drawable-xxhdpi/ic_share.png
DiscussDayIcon/DiscussDayPreview@2x.png,drawable-xhdpi/discuss_day_preview.png
DiscussDayIcon/DiscussDayPreview@3x.png,drawable-xxhdpi/discuss_day_preview.png
more/more@3x.png,drawable-xxhdpi/more.png
more/more@2x.png,drawable-xhdpi/more.png
more/more.png,drawable-mdpi/more.png
IconMicrophone/ModernConversationMicButton@2x.png,drawable-xhdpi/modern_conversation_mic_button.png
IconMicrophone/ModernConversationMicButton@3x.png,drawable-xxhdpi/modern_conversation_mic_button.png
ImpressionCount/MessageInlineViewCountIconOutgoing@2x.png,drawable-xhdpi/message_inline_view_count_icon_outgoing.png
ImpressionCount/MessageInlineViewCountIconOutgoing@3x.png,drawable-xxhdpi/message_inline_view_count_icon_outgoing.png
ShapeEllipse/shapeEllipse.png,drawable-mdpi/shape_ellipse.png
StickersNotFoundIcon/StickersNotFound@3x.png,drawable-xxhdpi/stickers_not_found.png
StickersNotFoundIcon/StickersNotFound@2x.png,drawable-xhdpi/stickers_not_found.png
SlowmodeArrow/slowmodearrow@2x.png,drawable-xhdpi/slowmodearrow.png
SlowmodeArrow/slowmodearrow@3x.png,drawable-xxhdpi/slowmodearrow.png
LocationIcon/Artboard Copy@3x.png,drawable-xxhdpi/artboard_copy.png
LocationIcon/Artboard Copy@2x.png,drawable-xhdpi/artboard_copy.png
ArchivedUndoIcon/archivetoast@2x.png,drawable-xhdpi/archivetoast.png
ArchivedUndoIcon/archivetoast@3x.png,drawable-xxhdpi/archivetoast.png
ParticleDot/dot.png,drawable-mdpi/dot.png
AlbumArtPlaceholder/MusicPlayerAlbumArtPlaceholder@2x.png,drawable-xhdpi/music_player_album_art_placeholder.png
AlbumArtPlaceholder/MusicPlayerAlbumArtPlaceholder@3x.png,drawable-xxhdpi/music_player_album_art_placeholder.png
PinSmallBackground/LocationSmallCircle@2x.png,drawable-xhdpi/location_small_circle.png
PinSmallBackground/LocationSmallCircle@3x.png,drawable-xxhdpi/location_small_circle.png
RecentSessionsPlaceholder/AuthSessionsEmptyIcon@2x.png,drawable-xhdpi/auth_sessions_empty_icon.png
RecentSessionsPlaceholder/AuthSessionsEmptyIcon@3x.png,drawable-xxhdpi/auth_sessions_empty_icon.png
Spectrum/spectrum.png,drawable-mdpi/spectrum_spectrum.png
CallOutgoingArrow/MessageCallOutgoingIcon@3x.png,drawable-xxhdpi/message_call_outgoing_icon.png
CallOutgoingArrow/MessageCallOutgoingIcon@2x.png,drawable-xhdpi/message_call_outgoing_icon.png
ToolBlurShadow/Blur.png,drawable-mdpi/blur.png
CellularData/Data@3x.png,drawable-xxhdpi/data.png
CellularData/Data@2x.png,drawable-xhdpi/data.png
GroupStickerPackNotFound/StickerPackNotFoundIcon@3x.png,drawable-xxhdpi/sticker_pack_not_found_icon.png
GroupStickerPackNotFound/StickerPackNotFoundIcon@2x.png,drawable-xhdpi/sticker_pack_not_found_icon.png
DeletedIcon/Ghost@3x.png,drawable-xxhdpi/ghost.png
DeletedIcon/Ghost@2x.png,drawable-xhdpi/ghost.png
ToolEraser/eraser.png,drawable-mdpi/tool_eraser_eraser.png
VolumeButtonIconX/VolumeX@3x.png,drawable-xxhdpi/volume_x.png
LocationPin/LocationMessagePinSmallBackground@2x.png,drawable-xhdpi/location_message_pin_small_background.png
LocationPin/LocationMessagePinSmallBackground@3x.png,drawable-xxhdpi/location_message_pin_small_background.png
TextDefault/default.png,drawable-mdpi/default.png
VideoGradient/smoothGradient 0.4.png,drawable-mdpi/video_gradient_smooth_gradient_0_4.png
ThemeBubble/themebubble@2x.png,drawable-xhdpi/themebubble.png
ThemeBubble/themebubble@3x.png,drawable-xxhdpi/themebubble.png
DiscussNightIcon/DiscussDarkPreview@3x.png,drawable-xxhdpi/discuss_dark_preview.png
DiscussNightIcon/DiscussDarkPreview@2x.png,drawable-xhdpi/discuss_dark_preview.png
End/CallCancelIcon@3x.png,drawable-xxhdpi/call_cancel_icon.png
End/CallCancelIcon@2x.png,drawable-xhdpi/call_cancel_icon.png
Tenor/tenor@3x.png,drawable-xxhdpi/tenor.png
Tenor/tenor@2x.png,drawable-xhdpi/tenor.png
SlowmodeFrame/slowmode@3x.png,drawable-xxhdpi/slowmode.png
SlowmodeFrame/slowmode@2x.png,drawable-xhdpi/slowmode.png
LocationPinBackground/LocationMessagePinBackground@2x.png,drawable-xhdpi/location_message_pin_background.png
LocationPinBackground/LocationMessagePinBackground@3x.png,drawable-xxhdpi/location_message_pin_background.png
TextSemi/semi.png,drawable-mdpi/semi.png
InstantVideoMute/VideoMessageMutedIcon@3x.png,drawable-xxhdpi/video_message_muted_icon.png
InstantVideoMute/VideoMessageMutedIcon@2x.png,drawable-xhdpi/video_message_muted_icon.png
pip/pip.png,drawable-mdpi/pip.png
pip/pip@2x.png,drawable-xhdpi/pip.png
pip/pip@3x.png,drawable-xxhdpi/pip.png
SettingsFontMaxIcon/InstantViewFontMaxIcon@3x.png,drawable-xxhdpi/instant_view_font_max_icon.png
SettingsFontMaxIcon/InstantViewFontMaxIcon@2x.png,drawable-xhdpi/instant_view_font_max_icon.png
RoundVideoCorner/vlog.png,drawable-mdpi/vlog.png
Safari/200x200bb-100.png,drawable-mdpi/img_200x200bb_100.png
LegacyCallSpeakerButton/submodules_TelegramUI_Images.xcassets_Call_CallSpeakerButton.imageset_CallSpeakerIcon@3x_Before_c8c1c96f16a3977d2a6d1956a0aeb31,drawable-xxhdpi/call_speaker_icon_legacy.png
LegacyCallSpeakerButton/submodules_TelegramUI_Images.xcassets_Call_CallSpeakerButton.imageset_CallSpeakerIcon@2x_Before_b542dc3fd7b381de80e554286a94ccd,drawable-xhdpi/call_speaker_icon_legacy.png
CallIncomingArrow/MessageCallIncomingIcon@2x.png,drawable-xhdpi/message_call_incoming_icon.png
CallIncomingArrow/MessageCallIncomingIcon@3x.png,drawable-xxhdpi/message_call_incoming_icon.png
ToolNeon/neon.png,drawable-mdpi/tool_neon_neon.png
LocationPinShadow/LocationMessagePinShadow@2x.png,drawable-xhdpi/location_message_pin_shadow.png
LocationPinShadow/LocationMessagePinShadow@3x.png,drawable-xxhdpi/location_message_pin_shadow.png
PremiumIconBackground/Icon.png,drawable-mdpi/icon.png
DiscussNightAccentIcon/DiscussDarkBluePreview@2x.png,drawable-xhdpi/discuss_dark_blue_preview.png
DiscussNightAccentIcon/DiscussDarkBluePreview@3x.png,drawable-xxhdpi/discuss_dark_blue_preview.png
IconAttachment/ModernConversationAttach@2x.png,drawable-xhdpi/modern_conversation_attach.png
IconAttachment/ModernConversationAttach@3x.png,drawable-xxhdpi/modern_conversation_attach.png
TextStroke/stroke.png,drawable-mdpi/stroke.png
DocumentInputSelfie/selfie@2x.png,drawable-xhdpi/selfie.png
DocumentInputSelfie/selfie@3x.png,drawable-xxhdpi/selfie.png
PassportInputFrontSide/passport@3x.png,drawable-xxhdpi/passport.png
PassportInputFrontSide/passport@2x.png,drawable-xhdpi/passport.png
ShapeArrow/shapeArrow.png,drawable-mdpi/shape_arrow.png
FoursquareAttribution/FoursquareAttribution@2x.png,drawable-xhdpi/foursquare_attribution.png
AccessoryIconStickers/ConversationInputFieldStickerIcon@3x.png,drawable-xxhdpi/conversation_input_field_sticker_icon.png
AccessoryIconStickers/ConversationInputFieldStickerIcon@2x.png,drawable-xhdpi/conversation_input_field_sticker_icon.png
EditAvatarIcon/SettingsCameraIcon@3x.png,drawable-xxhdpi/settings_camera_icon.png
EditAvatarIcon/SettingsCameraIcon@2x.png,drawable-xhdpi/settings_camera_icon.png
SettingsBrightnessMaxIcon/InstantViewBrightnessMaxIcon@3x.png,drawable-xxhdpi/instant_view_brightness_max_icon.png
SettingsBrightnessMaxIcon/InstantViewBrightnessMaxIcon@2x.png,drawable-xhdpi/instant_view_brightness_max_icon.png
PictureInPicturePause/PictureInPicturePause@2x.png,drawable-xhdpi/picture_in_picture_pause.png
ToolEraserShadow/Eraser.png,drawable-mdpi/tool_eraser_shadow_eraser.png
Giphy/Giphy@2x.png,drawable-xhdpi/giphy.png
Giphy/Giphy@3x.png,drawable-xxhdpi/giphy.png
Intro3Content/pinned2@2x.png,drawable-xhdpi/pinned2.png
Intro3Content/pinned2@3x.png,drawable-xxhdpi/pinned2.png
PasscodeFaceId/faceid@3x.png,drawable-xxhdpi/faceid.png
PasscodeFaceId/faceid@2x.png,drawable-xhdpi/faceid.png
EmptyPasswordIcon/PasswordPlaceholderIcon@3x.png,drawable-xxhdpi/password_placeholder_icon.png
EmptyPasswordIcon/PasswordPlaceholderIcon@2x.png,drawable-xhdpi/password_placeholder_icon.png
PictureInPictureLeave/PictureInPictureExit@2x.png,drawable-xhdpi/picture_in_picture_exit.png
ShapeStar/shapeStar.png,drawable-mdpi/shape_star.png
ParticleGlow/glow.png,drawable-mdpi/glow.png
TextFilled/filled.png,drawable-mdpi/filled.png
PictureInPictureIcon/PictureInPictureIndicator@2x.png,drawable-xhdpi/picture_in_picture_indicator.png
ToolArrow/arrow base.png,drawable-mdpi/arrow_base.png
IconVideo/RecordVideoIcon@2x.png,drawable-xhdpi/record_video_icon.png
IconVideo/RecordVideoIcon@3x.png,drawable-xxhdpi/record_video_icon.png
SettingsBrightnessMinIcon/InstantViewBrightnessMinIcon@2x.png,drawable-xhdpi/instant_view_brightness_min_icon.png
SettingsBrightnessMinIcon/InstantViewBrightnessMinIcon@3x.png,drawable-xxhdpi/instant_view_brightness_min_icon.png
AccessoryIconTimer/ModernConversationSecretAccessoryTimer@2x.png,drawable-xhdpi/modern_conversation_secret_accessory_timer.png
AccessoryIconTimer/ModernConversationSecretAccessoryTimer@3x.png,drawable-xxhdpi/modern_conversation_secret_accessory_timer.png
ApplePayLogo/Apple_Pay_Payment_Mark@3x.png,drawable-xxhdpi/apple_pay_payment_mark.png
ApplePayLogo/Apple_Pay_Payment_Mark@2x.png,drawable-xhdpi/apple_pay_payment_mark.png
Particle/particle.png,drawable-mdpi/particle.png
ShapeBubble/shapeBubble.png,drawable-mdpi/shape_bubble.png
ViewPassportIcon/PassportSettingsLogo@2x.png,drawable-xhdpi/passport_settings_logo.png
ViewPassportIcon/PassportSettingsLogo@3x.png,drawable-xxhdpi/passport_settings_logo.png
ToolArrowTip/arrow tip.png,drawable-mdpi/arrow_tip.png
PictureInPictureClose/PictureInPictureClose@2x.png,drawable-xhdpi/picture_in_picture_close.png
Snow/Snow.png,drawable-mdpi/snow.png
Grayscale/grayscale.png,drawable-mdpi/grayscale.png
GroupRequestsIcon/Requests@3x.png,drawable-xxhdpi/requests.png
ArchiveAvatarIcon/archiveavatar@3x.png,drawable-xxhdpi/archiveavatar.png
ArchiveAvatarIcon/archiveavatar@2x.png,drawable-xhdpi/archiveavatar.png
RemoveItemIcon/ic_deleteotion@3x.png,drawable-xxhdpi/ic_deleteotion.png
RemoveItemIcon/ic_deleteotion@2x.png,drawable-xhdpi/ic_deleteotion.png
ToolPen/pen.png,drawable-mdpi/tool_pen_pen.png
Star/star@3x.png,drawable-xxhdpi/star.png
Star/star@2x.png,drawable-xhdpi/star.png
PinBackground/LocationPinBackground@3x.png,drawable-xxhdpi/location_pin_background.png
PinBackground/LocationPinBackground@2x.png,drawable-xhdpi/location_pin_background.png
Backdrop/Backdrop@2x.png,drawable-xhdpi/backdrop.png
Backdrop/Backdrop@3x.png,drawable-xxhdpi/backdrop.png
GlassEdge40x40/18Glass@3x.png,drawable-xxhdpi/img_18_glass.png
GlassEdge40x40/18Glass@2x.png,drawable-xhdpi/img_18_glass.png
ToolMarkerTip/brush.png,drawable-mdpi/tool_marker_tip_brush.png
GoogleAttribution/powered_by_google_on_white@3x.png,drawable-xxhdpi/powered_by_google_on_white.png
GoogleAttribution/powered_by_google_on_white@2x.png,drawable-xhdpi/powered_by_google_on_white.png
ToolMarker/brush.png,drawable-mdpi/tool_marker_brush.png
Fill/shapeFill.png,drawable-mdpi/shape_fill.png
Intro2Content/muted2@3x.png,drawable-xxhdpi/muted2.png
Intro2Content/muted2@2x.png,drawable-xhdpi/muted2.png
NavigateToMessageIcon/ConversationGoToIcon@3x.png,drawable-xxhdpi/conversation_go_to_icon.png
NavigateToMessageIcon/ConversationGoToIcon@2x.png,drawable-xhdpi/conversation_go_to_icon.png
Intro2Base/muted1@3x.png,drawable-xxhdpi/muted1.png
Intro2Base/muted1@2x.png,drawable-xhdpi/muted1.png
Intro1Content/thisisarchive2@2x.png,drawable-xhdpi/thisisarchive2.png
Intro1Content/thisisarchive2@3x.png,drawable-xxhdpi/thisisarchive2.png
ToolBlurTip/blur tip.png,drawable-mdpi/blur_tip.png
Intro1Base/thisisarchive1@2x.png,drawable-xhdpi/thisisarchive1.png
Intro1Base/thisisarchive1@3x.png,drawable-xxhdpi/thisisarchive1.png
BusinessLink/linktichat.pdf,PDF:linktichat
ReplySettingsIcon/replytools_30.pdf,PDF:replytools_30
FileCloudFetched/phone.pdf,PDF:file_cloud_fetched_phone
LiveOff/liveoff.pdf,PDF:liveoff
PollVotesBadgeIcon/polllist.pdf,PDF:poll_votes_badge_icon_polllist
AdsLogo/tonads.pdf,PDF:tonads
SidebarBottomIcon/tabsdown.pdf,PDF:tabsdown
"SoundOn/Size=24px, Form=Unmuted.pdf",PDF:size_24px_form_unmuted
Replace/ic_menu_replace.pdf,PDF:ic_menu_replace
Eye/eye_301.svg,vectors_svg/eye_301.svg
CreateThemeIcon/ic_iphonetheme.pdf,PDF:ic_iphonetheme
NightMode/ic_lt_daymode.pdf,PDF:ic_lt_daymode
Ton/smallton.pdf,PDF:smallton
Refund/starsrefund.pdf,PDF:starsrefund
GridPlayIcon/playsmall.pdf,PDF:playsmall
SendLocationIcon/ic_mappin.pdf,PDF:ic_mappin
Avatar4/Avatar4.pdf,PDF:avatar4
LiveTextIcon/scanphoto_30.pdf,PDF:scanphoto_30
ButtonLeave/ic_pf_leave.pdf,PDF:ic_pf_leave
QualityHd/hd_24.pdf,PDF:hd_24
ToastMessagesDisabled/toastmessagesdisabled_30.pdf,PDF:toastmessagesdisabled_30
TextSelectedOutlined/ic_editor_font2.pdf,PDF:ic_editor_font2
QrLogo/ic_qrlogo.pdf,PDF:qr_logo_ic_qrlogo
Windows/windows.pdf,PDF:windows
Earn/earnstars.pdf,PDF:earnstars
OrderReverse/ic_musicflipover.pdf,PDF:ic_musicflipover
CutoutUndo/undo2_30.pdf,PDF:undo2_30
_CaseCollisions_5/Share/browser_share_30.pdf,PDF:browser_share_30
_CaseCollisions_5/Close/icon.svg,vectors_svg/icon.svg
_CaseCollisions_5/Link/link.pdf,PDF:link_link
_CaseCollisions_5/Gift/gift_30.pdf,PDF:gift_30
_CaseCollisions_5/Play/play_30.pdf,PDF:play_30
_CaseCollisions_5/Pause/pause_30.pdf,PDF:pause_30
UnknownUser/ic_noncontact.pdf,PDF:ic_noncontact
BotCopy/copy_10.pdf,PDF:copy_10
Mention/ic_mention.pdf,PDF:ic_mention
RepostChannel/channelreply_10.pdf,PDF:channelreply_10
Wallpaper/wallpaper.pdf,PDF:wallpaper
FaceId/faceid.pdf,PDF:face_id_faceid
ProxyOnIcon/ic_proxydisabled.pdf,PDF:ic_proxydisabled
ButtonStar/star (2).pdf,PDF:star_2
BidMedium/bid_30.pdf,PDF:bid_30
Hand/hand.pdf,PDF:hand
NavigationMore/more_30.pdf,PDF:more_30
SmallAudio/SmallAudio.pdf,PDF:small_audio
WallpaperBrightnessMax/brightness_max.pdf,PDF:brightness_max
BidSmall/bid_20.pdf,PDF:bid_20
CallToastBattery/ic_call_batteryislow.pdf,PDF:ic_call_batteryislow
SaveIcon/squareandarrow_30.pdf,PDF:squareandarrow_30
BoostButtonIcon/Union.pdf,PDF:boost_button_icon_union
CallVideoOutgoingIcon/outgoing_video_call_20.pdf,PDF:outgoing_video_call_20
Hidden/attach_hidden.pdf,PDF:attach_hidden
AddCaption/addcaption_24.pdf,PDF:addcaption_24
VideoUnavailable/CameraOff (1).pdf,PDF:camera_off_1
SubtitleArrow/SubtitleArrow.pdf,PDF:subtitle_arrow
SendStarsPeerBadgeStarIcon/star8.pdf,PDF:star8
PanelRecentIcon/Frame 123.svg,vectors_svg/frame_123.svg
Intro3/lock.pdf,PDF:intro3_lock
RepeatOne/ic_musicrepeatone.pdf,PDF:ic_musicrepeatone
TransactionStar/StarTransaction.pdf,PDF:star_transaction
Faq/question.pdf,PDF:question
AudioSmall/Type=Add.pdf,PDF:type_add
Caption/ic_menu_font1.pdf,PDF:caption_ic_menu_font1
Scan/scandoc.pdf,PDF:scandoc
Links/ic_search_links.pdf,PDF:ic_search_links
"SoundOff/Size=24px, Form=Crossed Out.pdf",PDF:size_24px_form_crossed_out
PrivacyPresence/LastSeen.pdf,PDF:last_seen
Blur/ic_editor_blur.pdf,PDF:ic_editor_blur
QrPlaneIcon/ic_qrlogo.pdf,PDF:qr_plane_icon_ic_qrlogo
SendStarsStarSliderIcon/star24.pdf,PDF:star24
Boosts/boosts_14.pdf,PDF:boosts_14
IconCamera/camera_30.pdf,PDF:camera_30
BoostLarge/boosts.pdf,PDF:boosts
LockedIcon/locked_30.pdf,PDF:locked_30
ImageEnlarge/enlarge_24.pdf,PDF:enlarge_24
Sell/sale.pdf,PDF:sale
Expire/timer_30.pdf,PDF:timer_30
Recipient/send.pdf,PDF:recipient_send
HideArchive/ic_lt_hidechat.pdf,PDF:ic_lt_hidechat
_CaseCollisions_8/Share/share_30.pdf,PDF:share_30
ReportCopyright/ic_menucopyright.pdf,PDF:ic_menucopyright
Burst/attach_bursts.pdf,PDF:attach_bursts
Restore/restore_30.pdf,PDF:restore_30
Appearance/appearance.pdf,PDF:appearance
ForwardDisable/noforward_24.pdf,PDF:noforward_24
Status/moon.pdf,PDF:moon
Chatbot/chatbot.pdf,PDF:chatbot
EntityInputSettingsIcon/settings_30 (4).pdf,PDF:settings_30_4
Mute/ic_mute.pdf,PDF:mute_ic_mute
TouchId/touchid.pdf,PDF:touchid
ThemeColorRotateIcon/ic_gradrotate.pdf,PDF:ic_gradrotate
LiveChatCrown/crown.pdf,PDF:live_chat_crown_crown
ArrowInlineButtonIcon/postsearchbutton2.pdf,PDF:postsearchbutton2
SuggestPostApprove/ok.pdf,PDF:ok
"Fave/Size=24px, Type=Default.pdf",PDF:size_24px_type_default
Voice/ic_search_voice.pdf,PDF:ic_search_voice
BackwardButton/back.pdf,PDF:back
ArrowRight/more.pdf,PDF:arrow_right_more
Lock/Lock.pdf,PDF:lock_lock
Replies/ic_viewreplies.pdf,PDF:ic_viewreplies
ReactionsBackground/ReactionsBg.pdf,PDF:reactions_bg
Calendar/ic_search_calendar (2).pdf,PDF:ic_search_calendar_2
GroupPeerInvited/invited.pdf,PDF:invited
TagEditName/tagname_24.pdf,PDF:tagname_24
MarkAsUnread/ic_lt_markasunread.pdf,PDF:ic_lt_markasunread
SaveMusic/profilemusic_20.pdf,PDF:profilemusic_20
PasswordHelpIcon/Group 3.pdf,PDF:group_3
TagIcon/tagadd_30.pdf,PDF:tagadd_30
Music/ic_search_music.pdf,PDF:ic_search_music
Unclaimed/avatar_unclaimed.pdf,PDF:avatar_unclaimed
TonAbout/tonabout.pdf,PDF:tonabout
VoiceMessageIcon/voice_message_20.pdf,PDF:voice_message_20
Eyedropper/ic_editor_eyedropper.pdf,PDF:ic_editor_eyedropper
PanelBadgeAdd/addstickers.pdf,PDF:addstickers
GeneralIcon/ic_general (1).pdf,PDF:ic_general_1
BlurLinear/ic_editor_blurlinear.pdf,PDF:ic_editor_blurlinear
ChangeName/ic_changename.pdf,PDF:ic_changename
PinnedIcon/pin_24.pdf,PDF:pin_24
TrackHeadingIcon/ic_gps_2.pdf,PDF:track_heading_icon_ic_gps_2
GoTo/goto.pdf,PDF:goto
EmojiStatus/status_30.pdf,PDF:status_30
HomeIcon/ic_maphome.pdf,PDF:ic_maphome
LivePhotoPlaying/play2.pdf,PDF:play2
Giveaway/giveaway_30 (2).pdf,PDF:giveaway_30_2
TodoDot/todo_dot.pdf,PDF:todo_dot
AccessoryIconSilentPostOff/Rectangle2.pdf,PDF:rectangle2
Reply/replies.pdf,PDF:reply_replies
SharedFolderListIcon/link_18.pdf,PDF:link_18
ServiceTodoIncompleted/sistemundone_16.pdf,PDF:sistemundone_16
Phone/phone.pdf,PDF:phone_phone
PeerVerifiedIconForeground/verifybadge2_16 (1).pdf,PDF:verifybadge2_16_1
ReactionShadow/ReactionShadow.pdf,PDF:reaction_shadow
CallHeadphonesButton/ic_call_headphones.pdf,PDF:ic_call_headphones
AddText/ic_editor_addtext.pdf,PDF:ic_editor_addtext
Ban/ban_24.pdf,PDF:ban_24
GiftUpgrade/upgrade_30.pdf,PDF:upgrade_30
Split/split_30.pdf,PDF:split_30
EntityInputGifsIcon/gifs.svg,vectors_svg/entity_input_gifs_icon_gifs.svg
Intro/intro.pdf,PDF:intro
Link/linktab_30.pdf,PDF:linktab_30
NavigateToMentions/mentionchat.pdf,PDF:mentionchat
Plane/image.svg,vectors_svg/plane_image.svg
Stars/star (3).pdf,PDF:star_3
Cake/birthday.pdf,PDF:birthday
ProxyCheckIcon/ic_proxyenabled.pdf,PDF:ic_proxyenabled
QrButtonIcon/qr_24.pdf,PDF:qr_24
Sticker/stickertab.pdf,PDF:stickertab
SmallLock/lock_18.pdf,PDF:lock_18
VideoCallButton/ic_videocallchat.pdf,PDF:ic_videocallchat
NewStyle/addstyle.pdf,PDF:addstyle
PhoneIcon/ic_phoneavatar.pdf,PDF:ic_phoneavatar
DualIcon/Frame 122.pdf,PDF:frame_122
GiftRibbon/giftline_chat.pdf,PDF:giftline_chat
Poll/Type=Default-5.pdf,PDF:type_default_5
SecretMediaPlay/miniplay.pdf,PDF:miniplay
ForwardEnable/yesforward_24.pdf,PDF:yesforward_24
Muted/folder_muted_40.pdf,PDF:folder_muted_40
QualityHdLocked/hdlocked_24.pdf,PDF:hdlocked_24
CameraFlashIcon/ic_flash.pdf,PDF:ic_flash
IncreaseFont/ic_lt_biggerfont.pdf,PDF:ic_lt_biggerfont
Unarchive/ic_lt_unarchive.pdf,PDF:ic_lt_unarchive
ProfileLevelInfo2/stargroup_30.pdf,PDF:stargroup_30
Multiple/multiple.pdf,PDF:multiple
MenuReactionIcon/heart.pdf,PDF:menu_reaction_icon_heart
GroupingOff/albumoff_24.pdf,PDF:albumoff_24
Outline/stroke_30.pdf,PDF:stroke_30
ExpandIcon/original.pdf,PDF:original
DirectionsWalking/walk_24.pdf,PDF:walk_24
Reactions/heart_18.pdf,PDF:reactions_heart_18
Result/chance.pdf,PDF:chance
Chats/existing.pdf,PDF:existing
AITools/ai.pdf,PDF:ai_tools_ai
NewCallListIcon/newcall_30.pdf,PDF:newcall_30
BotCommands/ic_command.pdf,PDF:ic_command
LockIcon/lock_30.pdf,PDF:lock_icon_lock_30
Brush/ic_editor_brushtype.pdf,PDF:ic_editor_brushtype
AccessoryIconInputButtons/ic_bot2.pdf,PDF:ic_bot2
Disclosure/openicon.pdf,PDF:openicon
NoDownload/nodownload_30.pdf,PDF:nodownload_30
CallBluetoothButton/ic_call_audiobt.pdf,PDF:call_bluetooth_button_ic_call_audiobt
CallAirpodsButton/ic_call_audioairpods.pdf,PDF:call_airpods_button_ic_call_audioairpods
DirectionsDriving/car_24.pdf,PDF:car_24
Flag/flag.pdf,PDF:flag
ProfileLevelProgressIcon/crown.pdf,PDF:profile_level_progress_icon_crown
CallAirpodsProButton/ic_call_audioairpodspro.pdf,PDF:call_airpods_pro_button_ic_call_audioairpodspro
AddUser/ic_lt_adduser.pdf,PDF:ic_lt_adduser
SortDate/sortdate_24.pdf,PDF:sortdate_24
Passport/passport_30.pdf,PDF:passport_30
ZoomIcon/magnifying.pdf,PDF:magnifying
Subscriber/person_6.pdf,PDF:person_6
NotificationIcon/ic_radiusnotify.pdf,PDF:ic_radiusnotify
Gallery/Type=Default.pdf,PDF:type_default
Channel/folder_channels_40.pdf,PDF:folder_channels_40
Translate/translate_24.pdf,PDF:translate_24
DownloadLocked/downloadlocked_24.pdf,PDF:downloadlocked_24
ViewOnce/viewonceonplay_20 (2).pdf,PDF:viewonceonplay_20_2
EditEmojiStatus/editstatus_30.pdf,PDF:editstatus_30
StealthModeIntroIconHidePrevious/rewind_30.svg,vectors_svg/rewind_30.svg
Tips/lamp.pdf,PDF:lamp
StatusScreen/ic_voicesharing.pdf,PDF:ic_voicesharing
ReadingList/readinglist.pdf,PDF:readinglist
NavigationShare/ic_share.pdf,PDF:navigation_share_ic_share
RemoveRecordedVideo/removevideomessage_30.pdf,PDF:removevideomessage_30
SetEmojiStatus/addstatus_30.pdf,PDF:addstatus_30
FaceVerification/faceid.pdf,PDF:face_verification_faceid
PeerMutedIcon/ic_mutedchat.pdf,PDF:ic_mutedchat
Profile/profile.pdf,PDF:profile
Linux/linux.pdf,PDF:linux
Effect/effects.pdf,PDF:effects
Selfie/attach_selfie.pdf,PDF:attach_selfie
PeerVerifiedIconBackground/ver (2).pdf,PDF:ver_2
Story/storiescircle_30.pdf,PDF:storiescircle_30
GameIcon/gamepad_20.pdf,PDF:gamepad_20
Info/ic_lt_info.pdf,PDF:ic_lt_info
CallDeclineButton/ic_calls_decline.pdf,PDF:ic_calls_decline
CreateChannelActionIcon/ic_channel.pdf,PDF:ic_channel
Collage/combine.pdf,PDF:combine
TextSelectedRegular/ic_editor_font1.pdf,PDF:ic_editor_font1
AddImage/image_30.pdf,PDF:add_image_image_30
CustomWallpaper/backgroundphoto_30.pdf,PDF:backgroundphoto_30
AddRoundIcon/AddPlus.pdf,PDF:add_plus
AddBoosts/addboosts_30.pdf,PDF:addboosts_30
AddSquare/sqadd.pdf,PDF:sqadd
ClearRecent/clearrecents_30.pdf,PDF:clearrecents_30
Cancel/ic_cam_close.pdf,PDF:ic_cam_close
AllowToSpeak/ic_allowspeak.pdf,PDF:ic_allowspeak
Groups/ic_group.pdf,PDF:groups_ic_group
EditEmojiPlaceholder/setemoji.pdf,PDF:setemoji
IconStories/stories_30.pdf,PDF:stories_30
InlineRatingWarning/badratingprofile.pdf,PDF:badratingprofile
ImportedMessageTooltipIcon/ic_imported.pdf,PDF:ic_imported
CallToastMicrophone/ic_call_microphoneoff.pdf,PDF:ic_call_microphoneoff
ButtonVoiceChat/profile_voice.pdf,PDF:profile_voice
StatusVolume/ic_voicevolumeon.pdf,PDF:ic_voicevolumeon
EmptyHashtag/tagempty_80.pdf,PDF:tagempty_80
LiveOn/live.pdf,PDF:live
NoForward/spy.pdf,PDF:spy
CreateGroupIcon/ic_addgroup.pdf,PDF:ic_addgroup
CocoonLogo/cocoonlogo.pdf,PDF:cocoonlogo
Lamp/ic_lamp (1).pdf,PDF:ic_lamp_1
Emoji/emojitab.pdf,PDF:emojitab
Folder/ic_addtofolder.pdf,PDF:ic_addtofolder
Translation/translation.pdf,PDF:translation
PanelBadgeLock/lockedstickers.pdf,PDF:lockedstickers
PollBadgeIcon/polllist.pdf,PDF:poll_badge_icon_polllist
BotLink/botlink.pdf,PDF:botlink
Instagram/instagram_60.pdf,PDF:instagram_60
Favorite/favefilled_24.pdf,PDF:favefilled_24
Contacts/contacts.pdf,PDF:contacts_contacts
TextOutlined/ic_menu_font2.pdf,PDF:ic_menu_font2
IconCalls/ic_tb_calls.pdf,PDF:ic_tb_calls
AirpodsProMax/ic_call_airpodsmax.pdf,PDF:airpods_pro_max_ic_call_airpodsmax
Violation/hand_30.pdf,PDF:hand_30
Save/ic_lt_save.pdf,PDF:ic_lt_save
Affiliate/affiliate.pdf,PDF:affiliate
BotShare/botshare.pdf,PDF:botshare
LinkSettingsIcon/linktools_30.pdf,PDF:linktools_30
RemoveFromFolderUp/folder2_24.pdf,PDF:folder2_24
RankIcon/membertag.pdf,PDF:membertag
Question/ic_help.pdf,PDF:ic_help
Archive/folder_archived_40.pdf,PDF:folder_archived_40
Repost/repost_24.pdf,PDF:repost_24
Balance/monnetization.pdf,PDF:monnetization
ScreenSharePhone/sharingscreen (1).pdf,PDF:sharingscreen_1
CallNotificationAnswerIcon/phone.fill.svg,vectors_svg/phone_fill.svg
Reaction/Reaction.pdf,PDF:reaction
CreateGroupActionIcon/ic_group.pdf,PDF:create_group_action_icon_ic_group
SelectedUsers/SelectedUsers.pdf,PDF:selected_users
PhoneCall/phone_24 (2).pdf,PDF:phone_24_2
Channels/ic_channels.pdf,PDF:ic_channels
Key/key.pdf,PDF:key_key
Unpin/unpin.pdf,PDF:unpin
AvatarBoost/Reassign.pdf,PDF:reassign
Admin/shieldadm.pdf,PDF:shieldadm
Clear/ic_lt_clear.pdf,PDF:ic_lt_clear
Notifications/bell.pdf,PDF:bell
Brave/brave_30-2.pdf,PDF:brave_30_2
SloMo/attach_slowmo.pdf,PDF:attach_slowmo
SuggestPostIcon/suggest_30.pdf,PDF:suggest_30
VerifiedIcon/ic_verify_big.pdf,PDF:ic_verify_big
BlurPortrait/ic_editor_blurportrait.pdf,PDF:ic_editor_blurportrait
InlineLike/GalleryShare.svg,vectors_svg/gallery_share.svg
ButtonMessage/ic_pf_message.pdf,PDF:ic_pf_message
PanelTrendingIcon/trendinggifs_24123.svg,vectors_svg/trendinggifs_24123.svg
ItemList/ic_list.pdf,PDF:ic_list
LiveBounce/bounce.pdf,PDF:bounce
HideIcon/hide_24.pdf,PDF:hide_24
Next/ic_musicnext.pdf,PDF:ic_musicnext
LocationSmall/location_24.pdf,PDF:location_24
Unwear/wearoff_30.pdf,PDF:wearoff_30
SortIcon/sort_30.pdf,PDF:sort_30
BotAddToChat/Size=10px.pdf,PDF:size_10px
Verification/verificationcode_30.pdf,PDF:verificationcode_30
SetUsername/Icon-22.pdf,PDF:icon_22
Hashtag/tagsearch_24.pdf,PDF:tagsearch_24
SelectorArrowDown/arrow_down.svg,vectors_svg/arrow_down.svg
iPad/ipad.pdf,PDF:ipad
GiftUnpack/unpack_14.pdf,PDF:unpack_14
Pin/pin.pdf,PDF:pin
_CaseCollisions_7/Share/shareshare.pdf,PDF:shareshare
_CaseCollisions_7/Close/StoryClose.svg,vectors_svg/story_close.svg
_CaseCollisions_7/Gift/gift_30 (4).pdf,PDF:gift_30_4
CoverColor/covercolor_30.pdf,PDF:covercolor_30
Repeat/ic_musicrepeat.pdf,PDF:ic_musicrepeat
TabStylize/style.pdf,PDF:style
MiniThumbnailPlay/playchats.pdf,PDF:playchats
arrow_left/arrow_right.pdf,PDF:arrow_right
BotLocation/botlocation.pdf,PDF:botlocation
IntroListSecure/secure.pdf,PDF:secure
CloseIcon/close.pdf,PDF:close_icon_close
IconSettings/ic_tb_settings.pdf,PDF:ic_tb_settings
List/ic_folder.pdf,PDF:ic_folder
Photo/photo.pdf,PDF:photo
PlayButton/ic_play.pdf,PDF:ic_play
GrantIcon/ic_security.pdf,PDF:ic_security
Quote/IconQuote.svg,vectors_svg/icon_quote.svg
ArchivedSticker/sticker.pdf,PDF:archived_sticker_sticker
ScreenshotsOffIcon/photocamera_30.svg,vectors_svg/photocamera_30.svg
Edge/edge_30-2.pdf,PDF:edge_30_2
Raise/promote.pdf,PDF:promote
CollectibleTonSymbolInline/ton_12.pdf,PDF:ton_12
MediaLock/lockmedia.pdf,PDF:lockmedia
CollapseIcon/summary.pdf,PDF:summary
PrivacySelectedContacts/selected_contacts.pdf,PDF:selected_contacts
StatusIconAutoremoveOff/Frame 4.svg,vectors_svg/frame_4.svg
Tip/ic_lamp.pdf,PDF:ic_lamp
Hours/clock_30.pdf,PDF:clock_30
Oval/image.svg,vectors_svg/oval_image.svg
InfoButton/ic_info.pdf,PDF:info_button_ic_info
AgeRestricted/eyeoff_30.pdf,PDF:eyeoff_30
Views/archive_30-1.pdf,PDF:archive_30_1
WallpaperBrightnessMin/brightness_min.pdf,PDF:brightness_min
Files/ic_search_docs.pdf,PDF:ic_search_docs
Upgrade/arrow (7).pdf,PDF:arrow_7
WallpaperSearchColorIcon/ic_search_color.pdf,PDF:ic_search_color
Minimize/ic_ivcollapse.pdf,PDF:ic_ivcollapse
_CaseCollisions_2/BusinessLink/link.pdf,PDF:business_link_link
_CaseCollisions_2/SoundOn/StorySoundOn.svg,vectors_svg/story_sound_on.svg
_CaseCollisions_2/Replace/ic_replace.pdf,PDF:ic_replace
_CaseCollisions_2/Ton/ton (3).pdf,PDF:ton_3
_CaseCollisions_2/Wallpaper/background_30.pdf,PDF:background_30
_CaseCollisions_2/Hidden/hidded_18.pdf,PDF:hidded_18
_CaseCollisions_2/Placeholder/recentactions.pdf,PDF:recentactions
_CaseCollisions_2/Caption/scan_30.pdf,PDF:scan_30
_CaseCollisions_2/Links/linktochat_30.pdf,PDF:linktochat_30
_CaseCollisions_2/SoundOff/StorySoundOff2.svg,vectors_svg/story_sound_off2.svg
_CaseCollisions_2/Blur/ic_editor_blur.pdf,PDF:ic_editor_blur_2
_CaseCollisions_2/Recipient/Recipient.pdf,PDF:recipient
_CaseCollisions_2/Mute/ic_call_microphone.pdf,PDF:mute_ic_call_microphone
_CaseCollisions_2/Lock/lock_24.pdf,PDF:lock_24
_CaseCollisions_2/Replies/arrowshape_30.pdf,PDF:replies_arrowshape_30
_CaseCollisions_2/Calendar/calendar_24.pdf,PDF:calendar_24
_CaseCollisions_2/Share/ic_lt_share.pdf,PDF:ic_lt_share
_CaseCollisions_2/BlurLinear/ic_editor_blurlinear.pdf,PDF:ic_editor_blurlinear_2
_CaseCollisions_2/Giveaway/giveaway_30.pdf,PDF:giveaway_30
_CaseCollisions_2/Reply/ic_lt_reply.pdf,PDF:ic_lt_reply
_CaseCollisions_2/AddText/ic_editor_addtext.pdf,PDF:ic_editor_addtext_2
_CaseCollisions_2/Close/close.pdf,PDF:close_close
_CaseCollisions_2/Intro/intro_30.pdf,PDF:intro_30
_CaseCollisions_2/Link/ic_lt_link.pdf,PDF:ic_lt_link
_CaseCollisions_2/Stars/givstars.pdf,PDF:givstars
_CaseCollisions_2/Sticker/ic_lt_sticker.pdf,PDF:ic_lt_sticker
_CaseCollisions_2/GiftRibbon/giftline_cell.pdf,PDF:giftline_cell
_CaseCollisions_2/Muted/ic_mute.pdf,PDF:muted_ic_mute
_CaseCollisions_2/Reactions/reactionmenu_24.pdf,PDF:reactionmenu_24
_CaseCollisions_2/Chats/chats_24.pdf,PDF:chats_24
_CaseCollisions_2/Brush/brush.pdf,PDF:brush
_CaseCollisions_2/Check/ic_menucheck.pdf,PDF:ic_menucheck
_CaseCollisions_2/Channel/ic_search_channel.pdf,PDF:ic_search_channel
_CaseCollisions_2/Translate/translate.pdf,PDF:translate_translate
_CaseCollisions_2/ViewOnce/viewonce_30.pdf,PDF:viewonce_30
_CaseCollisions_2/Story/addtostory.pdf,PDF:addtostory
_CaseCollisions_2/Info/question.circle.pdf,PDF:question_circle
_CaseCollisions_2/Cancel/ic_editor_close (2).pdf,PDF:ic_editor_close_2
_CaseCollisions_2/NoForward/noforward_30.pdf,PDF:noforward_30
_CaseCollisions_2/Emoji/emoji.pdf,PDF:emoji_emoji
_CaseCollisions_2/Folder/folder.pdf,PDF:folder_folder
_CaseCollisions_2/Favorite/heart_18.pdf,PDF:favorite_heart_18
_CaseCollisions_2/Save/arrowcircle_30.pdf,PDF:arrowcircle_30
_CaseCollisions_2/Question/question_30.pdf,PDF:question_30
_CaseCollisions_2/Archive/archive_18.pdf,PDF:archive_18
_CaseCollisions_2/Reaction/reaction_30.pdf,PDF:reaction_30
_CaseCollisions_2/Unpin/ic_lt_unpin.pdf,PDF:ic_lt_unpin
_CaseCollisions_2/Clear/ic_search_clear.pdf,PDF:ic_search_clear
_CaseCollisions_2/BlurPortrait/ic_editor_blurportrait.pdf,PDF:ic_editor_blurportrait_2
_CaseCollisions_2/Next/ic_next.pdf,PDF:ic_next
_CaseCollisions_2/Pin/ic_lt_pin.pdf,PDF:ic_lt_pin
_CaseCollisions_2/CloseIcon/Close.pdf,PDF:close_icon_close_2
_CaseCollisions_2/Minimize/ic_smallscreen.pdf,PDF:ic_smallscreen
_CaseCollisions_2/Group/ic_search_group.pdf,PDF:ic_search_group
_CaseCollisions_2/Browser/browser_safari_30.pdf,PDF:browser_safari_30
_CaseCollisions_2/Support/support_30.pdf,PDF:support_30
_CaseCollisions_2/Gift/gift.pdf,PDF:gift
_CaseCollisions_2/Stats/stats_24.pdf,PDF:stats_24
_CaseCollisions_2/Business/business.pdf,PDF:business
_CaseCollisions_2/Settings/ic_customize.pdf,PDF:ic_customize
_CaseCollisions_2/ReplyQuoteIcon/quotemini.pdf,PDF:quotemini
_CaseCollisions_2/SearchIcon/ic_search (2).pdf,PDF:ic_search_2
_CaseCollisions_2/Block/stop.pdf,PDF:block_stop
_CaseCollisions_2/Curves/ic_editor_curves.pdf,PDF:ic_editor_curves
_CaseCollisions_2/Search/browser_search_30.pdf,PDF:browser_search_30
_CaseCollisions_2/Back/browser_back_30.pdf,PDF:browser_back_30
_CaseCollisions_2/File/Icon-6.pdf,PDF:icon_6
_CaseCollisions_2/BlurRadial/ic_editor_blurradian.pdf,PDF:ic_editor_blurradian
_CaseCollisions_2/BlurOff/ic_editor_blurnope.pdf,PDF:ic_editor_blurnope
_CaseCollisions_2/Image/image_24.pdf,PDF:image_24
_CaseCollisions_2/InfoIcon/ic_info.pdf,PDF:info_icon_ic_info
_CaseCollisions_2/Chat/badgechat_24.pdf,PDF:badgechat_24
_CaseCollisions_2/Speed/Speed.pdf,PDF:speed
_CaseCollisions_2/Draw/ic_editor_brush1.pdf,PDF:draw_ic_editor_brush1
_CaseCollisions_2/Away/sleep_30.pdf,PDF:sleep_30
_CaseCollisions_2/Tint/ic_editor_tint.pdf,PDF:ic_editor_tint
_CaseCollisions_2/Reload/scheduled.pdf,PDF:scheduled
_CaseCollisions_2/Contact/Type=Default-4.pdf,PDF:type_default_4
_CaseCollisions_2/Download/download.pdf,PDF:download
_CaseCollisions_2/Undo/undo_30 (4).pdf,PDF:undo_30_4
_CaseCollisions_2/MuteIcon/speaker_30.pdf,PDF:speaker_30
_CaseCollisions_2/DownArrow/DownArrow.pdf,PDF:down_arrow_down_arrow
_CaseCollisions_2/Privacy/privacy (2).pdf,PDF:privacy_2
_CaseCollisions_2/SendIcon/SendAi.pdf,PDF:send_ai
_CaseCollisions_2/Crop/crop_30 (4).pdf,PDF:crop_30_4
_CaseCollisions_2/Delete/trashbin.pdf,PDF:trashbin
_CaseCollisions_2/NoAds/noads_30.pdf,PDF:noads_30
_CaseCollisions_2/AddSticker/ic_editor_addsticker.pdf,PDF:ic_editor_addsticker
"_CaseCollisions_2/Arrow/Size=24px, Direction=Right.pdf",PDF:size_24px_direction_right
_CaseCollisions_2/Tag/Tag.pdf,PDF:tag_tag
_CaseCollisions_2/Accounts/ic_accounts.pdf,PDF:ic_accounts
_CaseCollisions_2/Safari/safari_30-3.pdf,PDF:safari_30_3
_CaseCollisions_2/Flip/ic_cam_flip.pdf,PDF:ic_cam_flip
_CaseCollisions_2/Audio/playtab.pdf,PDF:playtab
_CaseCollisions_2/Help/ic_question.pdf,PDF:ic_question
_CaseCollisions_2/Members/2members.pdf,PDF:img_2members
_CaseCollisions_2/Camera/photocamera_24.pdf,PDF:photocamera_24
_CaseCollisions_2/SavedMessages/ic_savedmessages.pdf,PDF:ic_savedmessages
_CaseCollisions_2/Timer/ic_lt_timer.pdf,PDF:ic_lt_timer
_CaseCollisions_2/Stories/stories.pdf,PDF:stories
_CaseCollisions_2/Forward/browser_forward_30.pdf,PDF:browser_forward_30
_CaseCollisions_2/Video/attach_video.pdf,PDF:attach_video
_CaseCollisions_2/User/ic_search_user.pdf,PDF:ic_search_user
_CaseCollisions_2/Location/location.pdf,PDF:location
_CaseCollisions_2/Pencil/pencil_30 (4).pdf,PDF:pencil_30_4
_CaseCollisions_2/PremiumIcon/premium_24 (2).pdf,PDF:premium_icon_premium_24_2
_CaseCollisions_2/Account/ic_lt_user.pdf,PDF:account_ic_lt_user
_CaseCollisions_2/Bot/bot.pdf,PDF:bot_bot
_CaseCollisions_2/LivePhoto/livemini.pdf,PDF:livemini
_CaseCollisions_2/Craft/craft.pdf,PDF:craft
_CaseCollisions_2/Adjustments/tools_30 (4).pdf,PDF:tools_30_4
_CaseCollisions_2/Expand/fullscreen_30.pdf,PDF:fullscreen_30
_CaseCollisions_2/Done/headercheck_30.pdf,PDF:headercheck_30
_CaseCollisions_2/Read/readchecks_24.pdf,PDF:readchecks_24
_CaseCollisions_2/Play/ic_editor_play.pdf,PDF:ic_editor_play
_CaseCollisions_2/Unmute/ic_lt_unmuted.pdf,PDF:ic_lt_unmuted
_CaseCollisions_2/X2/x2.pdf,PDF:x2
_CaseCollisions_2/PinnedList/ic_menu_pinnedlist.pdf,PDF:ic_menu_pinnedlist
_CaseCollisions_2/AntiSpam/shieldas.pdf,PDF:shieldas
_CaseCollisions_2/More/ic_lt_more.pdf,PDF:ic_lt_more
_CaseCollisions_2/Pause/closetopic_24.pdf,PDF:closetopic_24
_CaseCollisions_2/Media/unlock_30.pdf,PDF:unlock_30
_CaseCollisions_2/ShareIcon/ic_share.pdf,PDF:share_icon_ic_share
_CaseCollisions_2/Boost/boost_14.pdf,PDF:boost_14
_CaseCollisions_2/Add/plus.pdf,PDF:plus
_CaseCollisions_2/Schedule/schedule.pdf,PDF:schedule_schedule
_CaseCollisions_2/Gif/gifs.pdf,PDF:gif_gifs
ThemeColorAddIcon/ic_input_add.pdf,PDF:ic_input_add
TagFilter/tagfilter_24.pdf,PDF:tagfilter_24
TransferIcon/transfer_24.pdf,PDF:transfer_24
ListCheckIcon/checkchat.pdf,PDF:checkchat
RemoveFromFolder/ic_removefromfolder.pdf,PDF:ic_removefromfolder
_CaseCollisions_3/Ton/ton_symbol.pdf,PDF:ton_symbol
_CaseCollisions_3/Mute/ic_editor_muted.pdf,PDF:ic_editor_muted
_CaseCollisions_3/Lock/paidlock (3).pdf,PDF:paidlock_3
_CaseCollisions_3/Calendar/calendarsearch_30.pdf,PDF:calendarsearch_30
_CaseCollisions_3/Share/ic_sharelink.pdf,PDF:ic_sharelink
_CaseCollisions_3/Close/ic_ivcloselarge.pdf,PDF:ic_ivcloselarge
_CaseCollisions_3/Link/ic_link.pdf,PDF:link_ic_link
_CaseCollisions_3/Stars/stars.pdf,PDF:stars
_CaseCollisions_3/Sticker/sticker.pdf,PDF:sticker_sticker
_CaseCollisions_3/Reactions/heart.pdf,PDF:reactions_heart
_CaseCollisions_3/Check/ic_lt_check.pdf,PDF:ic_lt_check
_CaseCollisions_3/Channel/channel.pdf,PDF:channel_channel
_CaseCollisions_3/Info/infoheader.pdf,PDF:infoheader
_CaseCollisions_3/Folder/badgefolder_24.pdf,PDF:badgefolder_24
_CaseCollisions_3/Archive/ic_lt_archive.pdf,PDF:ic_lt_archive
_CaseCollisions_3/Reaction/cash_30.pdf,PDF:cash_30
_CaseCollisions_3/Unpin/removefromprofile_24.pdf,PDF:removefromprofile_24
_CaseCollisions_3/Pin/badgepin_24.pdf,PDF:badgepin_24
_CaseCollisions_3/Group/3members.pdf,PDF:img_3members
_CaseCollisions_3/Gift/giftchannel_30.pdf,PDF:giftchannel_30
_CaseCollisions_3/Stats/Stats.pdf,PDF:stats
_CaseCollisions_3/Settings/ic_ivsettings.pdf,PDF:ic_ivsettings
_CaseCollisions_3/Search/ic_lt_search.pdf,PDF:ic_lt_search
_CaseCollisions_3/Back/headerback_30.pdf,PDF:headerback_30
_CaseCollisions_3/File/document.pdf,PDF:document
_CaseCollisions_3/Privacy/lock.pdf,PDF:privacy_lock
_CaseCollisions_3/AddSticker/ic_editor_addsticker.pdf,PDF:ic_editor_addsticker_2
_CaseCollisions_3/Flip/ic_editor_flip.pdf,PDF:ic_editor_flip
_CaseCollisions_3/Audio/Audio.pdf,PDF:audio
_CaseCollisions_3/Camera/ic_camera.pdf,PDF:camera_ic_camera
_CaseCollisions_3/Timer/stopwatch.pdf,PDF:stopwatch
_CaseCollisions_3/Stories/StoriesLimit.pdf,PDF:stories_limit
_CaseCollisions_3/Video/videocamera.pdf,PDF:videocamera
_CaseCollisions_3/User/ic_lt_user.pdf,PDF:user_ic_lt_user
_CaseCollisions_3/Location/location_30.pdf,PDF:location_30
_CaseCollisions_3/Play/ic_musicplay.pdf,PDF:ic_musicplay
_CaseCollisions_3/Unmute/ic_editor_unmuted.pdf,PDF:ic_editor_unmuted
_CaseCollisions_3/Pause/pausevoicecideo_30.pdf,PDF:pausevoicecideo_30
_CaseCollisions_3/Boost/Boost.pdf,PDF:boost
Bots/ic_bots.pdf,PDF:ic_bots
Collapse/smallscreen_30.pdf,PDF:smallscreen_30
Airpods/ic_call_audioairpods.pdf,PDF:airpods_ic_call_audioairpods
Group/folder_groups_40.pdf,PDF:folder_groups_40
Icons/icons.pdf,PDF:icons
FontArrow/expand.pdf,PDF:expand
PanelTextGroupIcon/group.pdf,PDF:group
CallMuteButton/ic_call_microphone.pdf,PDF:call_mute_button_ic_call_microphone
Everyone/Everyone.pdf,PDF:everyone
Playspeed24/playspeed_24.pdf,PDF:playspeed_24
MoveToContacts/movetocontacts_24.pdf,PDF:movetocontacts_24
Quality/hd_30.pdf,PDF:hd_30
Browser/ic_lt_browser.pdf,PDF:ic_lt_browser
PrivacyDownArrow/down_arrow.pdf,PDF:privacy_down_arrow_down_arrow
MentionBadgeIcon/mentionslist.pdf,PDF:mentionslist
MarkAsRead/ic_lt_markasread.pdf,PDF:ic_lt_markasread
TransactionStarOutline/StarTransactionOutline.pdf,PDF:star_transaction_outline
Reorder/ic_dragcell.pdf,PDF:ic_dragcell
Support/support.pdf,PDF:support
Call/phone_24 (3).pdf,PDF:phone_24_3
AirpodsPro/ic_call_audioairpodspro.pdf,PDF:airpods_pro_ic_call_audioairpodspro
HeaderRepost/repost_16.pdf,PDF:repost_16
ParticleOther/Other.svg,vectors_svg/other.svg
ForwardButton/forward.pdf,PDF:forward
SendLiveLocationIcon/ic_mappinlive.pdf,PDF:ic_mappinlive
OptionMap/loc5.pdf,PDF:loc5
RecentHashtag/tagsearch_30.pdf,PDF:tagsearch_30
Flame/ic_linkfire.pdf,PDF:ic_linkfire
Gradient/gradient.pdf,PDF:gradient
ContextDisclosureArrow/ContextDisclosureArrow.svg,vectors_svg/context_disclosure_arrow.svg
DisclosureArrow/ic_open.pdf,PDF:ic_open
EntityInputEmojiIcon/emoji.svg,vectors_svg/entity_input_emoji_icon_emoji.svg
Reset/Icon-36.pdf,PDF:icon_36
TonBig/bigton.pdf,PDF:bigton
MyNotesIcon/mynotes.pdf,PDF:mynotes
PrivacyCloseFriends/close_friends.pdf,PDF:privacy_close_friends_close_friends
InlineShare/GalleryForward.svg,vectors_svg/gallery_forward.svg
SortNumber/hash.pdf,PDF:hash
SubscriptionLink/cashlink_40.pdf,PDF:cashlink_40
BoostChannel/SmallBoost.pdf,PDF:small_boost
GiftSmall/gift16.pdf,PDF:gift16
IconForward/ic_forward.pdf,PDF:icon_forward_ic_forward
PanelTextChannelIcon/channel.pdf,PDF:panel_text_channel_icon_channel
Comments/comments1.pdf,PDF:comments1
AddFolder/addfolder_24.pdf,PDF:add_folder_addfolder_24
EditCover/storycover_24.pdf,PDF:storycover_24
Gift/gift.pdf,PDF:gift_2
CreateGroup/sharenewgroup.pdf,PDF:sharenewgroup
ReactionExpandArrow/ReactionExpandArrow.svg,vectors_svg/reaction_expand_arrow.svg
Stats/stats.pdf,PDF:stats_2
SortValue/sortvalue_24.pdf,PDF:sortvalue_24
Vivaldi/vivaldi_30-2.pdf,PDF:vivaldi_30_2
_CaseCollisions_4/Share/ic_musicshare.pdf,PDF:ic_musicshare
_CaseCollisions_4/Close/closekeyboard.pdf,PDF:closekeyboard
_CaseCollisions_4/Link/link.pdf,PDF:link_link_2
_CaseCollisions_4/Check/checkattach_30.pdf,PDF:checkattach_30
_CaseCollisions_4/Pin/addtoprofile_24.pdf,PDF:addtoprofile_24
_CaseCollisions_4/Group/badgegroup_24.pdf,PDF:badgegroup_24
_CaseCollisions_4/Gift/gift.pdf,PDF:gift_3
_CaseCollisions_4/Settings/tools.pdf,PDF:tools
_CaseCollisions_4/Search/headersearch_30.pdf,PDF:headersearch_30
_CaseCollisions_4/File/badgedoc_24.pdf,PDF:badgedoc_24
_CaseCollisions_4/Play/music.pdf,PDF:play_music
_CaseCollisions_4/Pause/ic_musicpause.pdf,PDF:ic_musicpause
_CaseCollisions_4/Boost/boost_30.pdf,PDF:boost_30
_CaseCollisions_4/Add/plus_30.pdf,PDF:plus_30
Speaker/ic_call_speaker.pdf,PDF:speaker_ic_call_speaker
Devices/devices.pdf,PDF:devices
Business/business.pdf,PDF:business_2
Mac/macbook.pdf,PDF:macbook
EditIcon/ic_edit (1).pdf,PDF:ic_edit_1
ReportViolence/ic_menuviolence.pdf,PDF:ic_menuviolence
LastSeen/lastseen.pdf,PDF:lastseen
PanelSectionLockIcon/Locked.svg,vectors_svg/locked.svg
Settings/settings_30 (3).pdf,PDF:settings_30_3
CallToastCamera/ic_call_cameraoff.pdf,PDF:ic_call_cameraoff
AudioTranscription/voicetotext_30.pdf,PDF:voicetotext_30
VideoMessageFlip/switchcamera_30.pdf,PDF:video_message_flip_switchcamera_30
ReplyQuoteIcon/replyquote_30.pdf,PDF:replyquote_30
SearchIcon/ic_search (2).pdf,PDF:ic_search_2_2
OptionTracking/loc4.pdf,PDF:loc4
EmojiTooltipLock/locksettings (1).pdf,PDF:emoji_tooltip_lock_locksettings_1
RemoveFromCollection/tofolder_24.svg,vectors_svg/tofolder_24.svg
ClearMessages/clearmessages_24.pdf,PDF:clearmessages_24
TonMedium/mediumton.pdf,PDF:mediumton
Block/Icon-2.pdf,PDF:icon_2
StoryArchive/StoryArchive.svg,vectors_svg/story_archive.svg
ParticleDocuments/Documents.svg,vectors_svg/documents.svg
VoiceChat/ic_menuvoicechat.pdf,PDF:ic_menuvoicechat
Member/member.pdf,PDF:member
ReportFake/ic_menufake.pdf,PDF:ic_menufake
VerifiedIconForeground/Logo 2.svg,vectors_svg/logo_2.svg
BotPayment/botcreditcard.pdf,PDF:botcreditcard
ForwardSettingsIcon/forwardtools_30.pdf,PDF:forwardtools_30
MessageSelectionAction/ic_share.pdf,PDF:message_selection_action_ic_share
Curves/ic_editor_curves.pdf,PDF:ic_editor_curves_2
RemovePrice/dollarcrossed.pdf,PDF:dollarcrossed
LinkLogo/linkicon_30.pdf,PDF:linkicon_30
Intro2/faceid.pdf,PDF:intro2_faceid
CloseFriends/CloseFriends.pdf,PDF:close_friends_close_friends
OptionLocate/loc1.pdf,PDF:loc1
AlertIcon/callstab_1.pdf,PDF:callstab_1
Firefox/firefox_30-2.pdf,PDF:firefox_30_2
CallAirpodsMaxButton/ic_call_airpodsmax.pdf,PDF:call_airpods_max_button_ic_call_airpodsmax
MessageSelectionTrash/ic_delete.pdf,PDF:ic_delete
TopicArrowIcon/forumarrow.pdf,PDF:forumarrow
PictureInPictureButton/ic_pictureinpicture.pdf,PDF:ic_pictureinpicture
OverscrollArrow/drag.svg,vectors_svg/drag.svg
Format/link_30.pdf,PDF:link_30
EntityInputPremiumIcon/trending_243.pdf,PDF:trending_243
Stickers/ic_sticker.pdf,PDF:ic_sticker
Commit/ic_editor_check (2).pdf,PDF:commit_ic_editor_check_2
Case/suitcase.pdf,PDF:suitcase
AudioRecordingCancelArrow/arrowleft.svg,vectors_svg/arrowleft.svg
AddGift/addgift_24.svg,vectors_svg/addgift_24.svg
Messages/bubbles.pdf,PDF:bubbles
BrushSelectedPen/ic_editor_brush1.pdf,PDF:brush_selected_pen_ic_editor_brush1
ChangePhone/simcard.pdf,PDF:simcard
Fragment/fragment.pdf,PDF:fragment
VideoRateToast/play.pdf,PDF:play
LiveLargeOn/live (3).pdf,PDF:live_3
GridDismissIcon/Frame 1.svg,vectors_svg/frame_1.svg
Bookmark/browser_bookmark_30.pdf,PDF:browser_bookmark_30
Ads/ads_30.pdf,PDF:ads_30
TrackIcon/ic_gps (2).pdf,PDF:track_icon_ic_gps_2
ThemeColorSwapIcon/ic_input_change.pdf,PDF:ic_input_change
AddTimeIcon/addclock_30.pdf,PDF:addclock_30
ExpandingItemVerticalSmallArrow/arrow.pdf,PDF:expanding_item_vertical_small_arrow_arrow
Search/ic_search.pdf,PDF:search_ic_search
Back/ic_menuback.pdf,PDF:ic_menuback
ParticlePhotos/Photos.svg,vectors_svg/photos.svg
CallCameraButton/videocall.pdf,PDF:videocall
HeaderForward/arrow.pdf,PDF:header_forward_arrow
TextCodeIcon/codemini.pdf,PDF:codemini
MessagesDisable/disablemessages_24.pdf,PDF:disablemessages_24
File/Type=Default-2.pdf,PDF:type_default_2
Customize/custom_24.pdf,PDF:custom_24
BlurRadial/ic_editor_blurradian.pdf,PDF:ic_editor_blurradian_2
QuickReplies/quickrepliesdemo.pdf,PDF:quickrepliesdemo
Opera/opera_30.pdf,PDF:opera_30
ParticleMusic/Music.svg,vectors_svg/particle_music_music.svg
ToBeDistributed/avatar_tobedistributed.pdf,PDF:avatar_tobedistributed
BlurOff/ic_editor_blurnope.pdf,PDF:ic_editor_blurnope_2
Image/image_30.pdf,PDF:image_image_30
ParticleVideos/Videos.svg,vectors_svg/videos.svg
SuggestAvatar/suggestphoto_30.pdf,PDF:suggestphoto_30
ReplyIcon/ic_reply.pdf,PDF:ic_reply
ButtonStop/stop.pdf,PDF:button_stop_stop
IconArchived/archivedown_30.pdf,PDF:archivedown_30
ScheduleIcon/schedule.pdf,PDF:schedule_icon_schedule
VerifiedIconBackground/g1.svg,vectors_svg/g1.svg
Timeline/Timeline_24.pdf,PDF:timeline_24
TextHidden/User.pdf,PDF:user
InfoIcon/ic_info.pdf,PDF:info_icon_ic_info_2
InviteActionIcon/ic_heart.pdf,PDF:ic_heart
ExpiredStoryIcon/ic_exipred.pdf,PDF:ic_exipred
QualitySd/sd_24.pdf,PDF:sd_24
ZoomOut/zoomout_24.pdf,PDF:zoomout_24
AwayShortcut/awaydemo.pdf,PDF:awaydemo
Chat/Bubble.pdf,PDF:bubble
OptionHybrid/loc11.pdf,PDF:loc11
StarMedium/StarMedium.pdf,PDF:star_medium
Speed/iOS Speed.pdf,PDF:i_os_speed
Erase/erase_30.pdf,PDF:erase_30
Logout/ic_lt_logout.pdf,PDF:ic_lt_logout
Draw/ic_menu_brush1.pdf,PDF:ic_menu_brush1
StatusIconAutoremoveOn/AutoremoveIconOn.svg,vectors_svg/autoremove_icon_on.svg
ServiceTodoAppended/sistemplus_16.pdf,PDF:sistemplus_16
WorkIcon/ic_mapwork.pdf,PDF:ic_mapwork
ButtonVideo/videocamera_30.pdf,PDF:videocamera_30
AddToFolder/folder1_24.pdf,PDF:folder1_24
AlertArrow/arrow (2).pdf,PDF:arrow_2
DeletePaid/trash_24.pdf,PDF:trash_24
Upload/upload.pdf,PDF:upload
FileCloudFetch/cloud.pdf,PDF:cloud
Greetings/greeting_30.pdf,PDF:greeting_30
LiveLargeBounce/bounce (3).pdf,PDF:bounce_3
Withdrawal/withdrawals_30.pdf,PDF:withdrawals_30
DirectionsTransit/train_24.pdf,PDF:train_24
Cutout/magic_30.pdf,PDF:magic_30
CoverLogo/coverlogo_30.pdf,PDF:coverlogo_30
Message/ic_lt_message.pdf,PDF:ic_lt_message
ProfileLevelInfo3/refund_30.pdf,PDF:refund_30
ThemeColorRemoveIcon/ic_input_close.pdf,PDF:ic_input_close
ScreenRecording/attach_screenrec.pdf,PDF:attach_screenrec
Portrait/attach_portrait.pdf,PDF:attach_portrait
SuggestPostChange/pencil.pdf,PDF:pencil
PanelIcon/ic_panel.pdf,PDF:ic_panel
IntroListLike/like.pdf,PDF:like
RepostStoryIcon/repost_40.pdf,PDF:repost_40
BalanceStar/StarBalance.pdf,PDF:star_balance
SilentIcon/sendwithoutsound.pdf,PDF:silent_icon_sendwithoutsound
MessageBubble/messagebubble.svg,vectors_svg/messagebubble.svg
InputRepost/repost_30 (2).pdf,PDF:repost_30_2
_CaseCollisions_6/Share/Share.pdf,PDF:share
_CaseCollisions_6/Close/headercross_30.pdf,PDF:headercross_30
_CaseCollisions_6/Link/badgelink_24.pdf,PDF:badgelink_24
_CaseCollisions_6/Gift/giftstars_24.pdf,PDF:giftstars_24
OptionGlobeEurope/loc7.pdf,PDF:loc7
AspectRatio/ic_editor_frame.pdf,PDF:ic_editor_frame
SuggestPost/messagechannel_30.pdf,PDF:messagechannel_30
CameraIcon/setavatar.pdf,PDF:setavatar
CallOutgoingIcon/outgoing_call_20.pdf,PDF:outgoing_call_20
VideoMessageFlash/flash.pdf,PDF:flash
Intro1/key.pdf,PDF:intro1_key
Away/away.pdf,PDF:away
StatusLockIcon/lockedtopic.pdf,PDF:lockedtopic
PremiumStar/premium_30.pdf,PDF:premium_30
Avatar3/Avatar2.pdf,PDF:avatar2
TodoCheck/todo_check.pdf,PDF:todo_check
ButtonIcon/premium_24 (2).pdf,PDF:button_icon_premium_24_2
AddChannelIcon/ic_addchannel (2).pdf,PDF:ic_addchannel_2
ChannelMessages/channelmessages (1).pdf,PDF:channelmessages_1
RepostUser/userreply_10.pdf,PDF:userreply_10
ParticleStar/Star.svg,vectors_svg/star.svg
LiveLargeOff/liveoff (3).pdf,PDF:liveoff_3
ReactionsForeground/ReactionsFg.pdf,PDF:reactions_fg
CallTitleLogo/ic_calls_tlogo.pdf,PDF:ic_calls_tlogo
TitleExpand/down_24.pdf,PDF:title_expand_down_24
AddMemberIcon/ic_addmember.pdf,PDF:ic_addmember
Tint/ic_editor_tint.pdf,PDF:ic_editor_tint_2
OptionLocating/loc2.pdf,PDF:loc2
Reload/scheduled.pdf,PDF:scheduled_2
ReportDrugs/drugs_24.pdf,PDF:drugs_24
WhenOnline/sendthenonline.pdf,PDF:when_online_sendthenonline
Unvote/ic_lt_unvote.pdf,PDF:ic_lt_unvote
ButtonUnmute/ic_pf_unmute.pdf,PDF:ic_pf_unmute
Unlist/unsale.pdf,PDF:unsale
Cinematic/attach_cinematic.pdf,PDF:attach_cinematic
TabTranslate/translate.pdf,PDF:tab_translate_translate
MessageSelectionReport/ic_report.pdf,PDF:ic_report
AddToCollection/fromfolder_24.svg,vectors_svg/fromfolder_24.svg
Language/globe.pdf,PDF:globe
CallShareButton/callshare (1).pdf,PDF:callshare_1
OpenCamera/Icon-7.pdf,PDF:icon_7
NextDrop/nextdrop.pdf,PDF:nextdrop
Contact/folder_contacts_40.pdf,PDF:folder_contacts_40
TabFix/fix.pdf,PDF:fix
PlusOne/addone.pdf,PDF:addone
EntityInputMasksIcon/mask.pdf,PDF:mask
AccessoryIconSuggestPost/suggest_24.pdf,PDF:suggest_24
ExpandingItemVerticalRegularArrow/delmsgarrow_16.pdf,PDF:delmsgarrow_16
NoScreenshot/noscreens_30.pdf,PDF:noscreens_30
Appeal/sandtimer_30.pdf,PDF:sandtimer_30
Ubuntu/ubuntu.pdf,PDF:ubuntu
Update/rotate.pdf,PDF:rotate
SearchTagTab/tag.pdf,PDF:search_tag_tab_tag
GoToMessage/ic_viewinchat.pdf,PDF:go_to_message_ic_viewinchat
TextSelectedFramed/ic_editor_font3.pdf,PDF:ic_editor_font3
ShareScreen/ic_sharescreen.pdf,PDF:ic_sharescreen
BotMessage/botmessage.pdf,PDF:botmessage
QuoteRemove/IconQuoteRemove.svg,vectors_svg/icon_quote_remove.svg
IconHide/eyecrossed_30.pdf,PDF:eyecrossed_30
Download/down_24.pdf,PDF:download_down_24
PollReplyIcon/replypoll.pdf,PDF:replypoll
Undo/ic_editor_undo.pdf,PDF:ic_editor_undo
Paid/cash.circle_24.pdf,PDF:cash_circle_24
OutgoingVideoIcon/ic_outvideo (2).pdf,PDF:ic_outvideo_2
SuggestHashtag/tagrecent.pdf,PDF:tagrecent
MuteIcon/ic_mute.pdf,PDF:mute_icon_ic_mute
DownArrow/arrow (1).pdf,PDF:arrow_1
ReplyStoryIcon/ic_chatstoryreply.pdf,PDF:ic_chatstoryreply
DownloadTone/downloadtone_24.pdf,PDF:downloadtone_24
Select/ic_select.pdf,PDF:ic_select
Android/android.pdf,PDF:android_android
Wearable/wear_30 (2).pdf,PDF:wear_30_2
ReorderItems/ic_reorder.pdf,PDF:ic_reorder
InputAIIcon/ai.pdf,PDF:input_ai_icon_ai
Privacy/lock_30.pdf,PDF:privacy_lock_30
SecretMediaOnce/miniplayonce.pdf,PDF:miniplayonce
TextRegular/ic_menu_font1.pdf,PDF:text_regular_ic_menu_font1
ServiceTodoCompleted/sistemdone_16.pdf,PDF:sistemdone_16
DialColorMask/bg.pdf,PDF:bg
InviteLink/linklink_40.pdf,PDF:linklink_40
SendIcon/send.pdf,PDF:send_icon_send
CallNavigationAddPerson/addcaller.pdf,PDF:addcaller
TonGift/giftton.pdf,PDF:giftton
CopyLink/docondoc_24.pdf,PDF:docondoc_24
BubbleComments/ic_leaveacomment (1).pdf,PDF:ic_leaveacomment_1
Stealth/archive_30.pdf,PDF:archive_30
Crop/ic_editor_crop.pdf,PDF:ic_editor_crop
ReportPersonal/target_24.pdf,PDF:target_24
NewChats/unread.pdf,PDF:unread
PrivacyContacts/contacts.pdf,PDF:privacy_contacts_contacts
ThumbsUp/thumb down.pdf,PDF:thumb_down
StarsCount/msgstar.pdf,PDF:msgstar
TrendingSticker/trending.pdf,PDF:trending
NavigationSettingsNoDot/settings_24 (1).pdf,PDF:settings_24_1
EntityInputGlobeIcon/keyboard_30.pdf,PDF:keyboard_30
HeaderContextDisclosureArrow/menu.pdf,PDF:menu
Bluetooth/ic_call_audiobt.pdf,PDF:bluetooth_ic_call_audiobt
MinimizeArrow/miniappminimize_30.pdf,PDF:miniappminimize_30
Wear/wear_30.pdf,PDF:wear_30
SearchInlineButtonIcon/postsearchbutton1.pdf,PDF:postsearchbutton1
Cashtag/cash_24.pdf,PDF:cash_24
CallButton/ic_phone.pdf,PDF:ic_phone
MediaGridViewCount/smalleye.pdf,PDF:smalleye
Pinned/messagepin.pdf,PDF:messagepin
RepliesMessagesIcon/repliesavatar.pdf,PDF:repliesavatar
StarSmall/StarSmall.pdf,PDF:star_small
WearIcon/wear_24.pdf,PDF:wear_24
Report/ic_lt_report.pdf,PDF:ic_lt_report
Transferable/replace_30.pdf,PDF:replace_30
ThumbsDown/thumb up.pdf,PDF:thumb_up
PauseButton/ic_pause.pdf,PDF:ic_pause
ArchiveIconLarge/Union.svg,vectors_svg/archive_icon_large_union.svg
FlashOffIcon/off.pdf,PDF:off
Rate/ic_lt_rate.pdf,PDF:ic_lt_rate
PriceTag/price (2).pdf,PDF:price_2
Invited/ic_invited.pdf,PDF:ic_invited
ProxyShieldIcon/ic_proxymain.pdf,PDF:ic_proxymain
TranscriptionLocked/lockedaudiototext.pdf,PDF:lockedaudiototext
iOS/apple_30.pdf,PDF:apple_30
Proxy/shieldprx.pdf,PDF:shieldprx
Timelapse/attach_timelapse.pdf,PDF:attach_timelapse
QrIcon/qr_30.pdf,PDF:qr_30
StoryReplyIcon/ic_storyreply.pdf,PDF:ic_storyreply
Delete/ic_lt_delete.pdf,PDF:ic_lt_delete
NoAds/speaker.pdf,PDF:speaker
NameColor/namecolor_30.pdf,PDF:namecolor_30
AddBirthdayIcon/addbirthday_30.pdf,PDF:addbirthday_30
PrivacyEveryone/public.pdf,PDF:public
Cellular/mobiledata.pdf,PDF:mobiledata
Apply/arrowhead_30.pdf,PDF:arrowhead_30
Playspeed30/playspeed_30.pdf,PDF:playspeed_30
AddSticker/addsticker_24.pdf,PDF:addsticker_24
Statistics/ic_stat.pdf,PDF:ic_stat
ParticleAvatars/Profile Photos.svg,vectors_svg/profile_photos.svg
Fullscreen/ic_fullscreen.pdf,PDF:ic_fullscreen
LargeLink/ic_biglink.pdf,PDF:ic_biglink
AddMusic/addmusic.pdf,PDF:addmusic
FlipIcon/flip.pdf,PDF:flip
PowerSaving/battery.pdf,PDF:power_saving_battery
Arrow/ic_addresult.pdf,PDF:ic_addresult
Globe/globe (1).pdf,PDF:globe_1
Tag/tag_24.pdf,PDF:tag_24
Accounts/ic_chooseaccountbig.pdf,PDF:ic_chooseaccountbig
Promote/ic_lt_promote.pdf,PDF:ic_lt_promote
Flip/ic_flip (1).pdf,PDF:flip_ic_flip_1
PeerPremiumIcon/premiumbadge_16 (2).pdf,PDF:premiumbadge_16_2
Transfer/transfer_30.pdf,PDF:transfer_30
Data/storage.pdf,PDF:storage
FactCheck/verification_24 (2).pdf,PDF:verification_24_2
SidebarTopIcon/tabsup.pdf,PDF:tabsup
Audio/ic_menuaudio.pdf,PDF:ic_menuaudio
OpenDocument/browser_doc_30.pdf,PDF:browser_doc_30
Help/ic_question.pdf,PDF:ic_question_2
ShowIcon/show_24.pdf,PDF:show_24
RadialProgressIconDocument/ic_ch_file.pdf,PDF:ic_ch_file
DateLockedIcon/TimeLocked.pdf,PDF:time_locked
AddStoryIcon/ic_newstory.pdf,PDF:ic_newstory
ViewOnceEnabled/1filled.pdf,PDF:img_1filled
SwitchLockIcon/lock.pdf,PDF:switch_lock_icon_lock
StarLarge/StarLarge.pdf,PDF:star_large
LiveLoop/loop.pdf,PDF:loop
Mute2d/ic_mute2days.pdf,PDF:ic_mute2days
Members/personsearch_30.pdf,PDF:personsearch_30
AddCircle/pluscircle_24.pdf,PDF:pluscircle_24
WallpaperAdjustments/edit.pdf,PDF:edit
EyeLocked/eyelocked_24.pdf,PDF:eyelocked_24
ButtonAddMember/ic_pf_addmember.pdf,PDF:ic_pf_addmember
MonetizationLogo/monetization_90 (2).pdf,PDF:monetization_90_2
SavedMusic/profilemusic_30.pdf,PDF:profilemusic_30
Rare/diamond (2).pdf,PDF:diamond_2
MessageEffect/Bubble-1.pdf,PDF:bubble_1
InlineIconUsers/delmsgusers_16.pdf,PDF:delmsgusers_16
ToastMessagesEnabled/toastmessagesenabled_30.pdf,PDF:toastmessagesenabled_30
IconContacts/ic_tb_contacts.pdf,PDF:ic_tb_contacts
ProximityIcon/ic_mapnotify.pdf,PDF:ic_mapnotify
Previous/ic_musicprevious.pdf,PDF:ic_musicprevious
Camera/Icon-5.pdf,PDF:icon_5
Smile/smile_24.pdf,PDF:smile_24
SavedMessages/bookmark.pdf,PDF:bookmark
Watch/watch_30.pdf,PDF:watch_30
Flash/ic_cam_flashon (1).pdf,PDF:ic_cam_flashon_1
ApplyTheme/ic_applytheme.pdf,PDF:ic_applytheme
SelectedIcon/albumcheck.pdf,PDF:albumcheck
LiveLargeLoop/loop (3).pdf,PDF:loop_3
MenuEditIcon/edited.pdf,PDF:edited
Eraser/ic_editor_eracer.pdf,PDF:ic_editor_eracer
StealthModeIntroIconMain/eye_30.svg,vectors_svg/eye_30.svg
HeaderArrow/arrow.pdf,PDF:header_arrow_arrow
NewTab/newtab.pdf,PDF:newtab
Chatbots/bot_30.pdf,PDF:chatbots_bot_30
TextArrowRight/chevron.right.svg,vectors_svg/chevron_right.svg
ZoomIn/zoomin_24.pdf,PDF:zoomin_24
Timer/ic_lt_timer.pdf,PDF:ic_lt_timer_2
TagRemove/tagcrossed_24.pdf,PDF:tagcrossed_24
BotPlus/attachalert_48.pdf,PDF:attachalert_48
TodoIcon/checklist_20.pdf,PDF:checklist_20
MoveUp/moveup_24.pdf,PDF:moveup_24
NoIcon/noicon_30.pdf,PDF:noicon_30
StatusVideo/ic_voicecamera.pdf,PDF:ic_voicecamera
EditAvatarIconLarge/ic_camera.pdf,PDF:edit_avatar_icon_large_ic_camera
SetAvatar/addphoto_30.pdf,PDF:addphoto_30
Stories/ContextStories.svg,vectors_svg/context_stories.svg
Forwards/arrowshape_18.pdf,PDF:arrowshape_18
Pie/piechart.pdf,PDF:piechart
RevokeSpeak/ic_cancelrequest.pdf,PDF:ic_cancelrequest
ButtonMute/ic_pf_mute.pdf,PDF:ic_pf_mute
PanelHeartIcon/like_24.pdf,PDF:like_24
Send/attachlogo.pdf,PDF:attachlogo
Proof/badge_30.pdf,PDF:badge_30
IconForwardSend/arrowshape_30.pdf,PDF:icon_forward_send_arrowshape_30
CameraGalleryIcon/ic_gallery (3).pdf,PDF:ic_gallery_3
Avatar1/Avatar1.pdf,PDF:avatar1
Forward/ic_lt_forward.pdf,PDF:ic_lt_forward
LinkActionIcon/ic_link.pdf,PDF:link_action_icon_ic_link
OptionGlobeAsia/loc9.pdf,PDF:loc9
PinnedLargeIcon/pin_48.pdf,PDF:pin_48
PanelFeaturedIcon/trending_44.pdf,PDF:trending_44
ForwardIcon/ic_forward (1).pdf,PDF:ic_forward_1
UsageBatteryFrame/Battery.svg,vectors_svg/usage_battery_frame_battery.svg
Generic/Title + Icon.pdf,PDF:title_icon
Video/ic_call_camera.pdf,PDF:ic_call_camera
User/folder_noncontacts_40.pdf,PDF:folder_noncontacts_40
UploadTone/addtone_30.pdf,PDF:addtone_30
GeneralTopicIcon/ic_general.pdf,PDF:ic_general
Noise/ic_noisecancellation.pdf,PDF:ic_noisecancellation
Chance/puzzle.pdf,PDF:puzzle
SearchTagTokenBackground/SearchTagTokenBackground.svg,vectors_svg/search_tag_token_background.svg
InputLikeOff/like_30.pdf,PDF:like_30
ReactionOutline/ReactionBackground.pdf,PDF:reaction_background
StarMediumOutline/StarOutline.pdf,PDF:star_outline
Location/Type=Default-3.pdf,PDF:type_default_3
Clock/clock.pdf,PDF:clock
MessagesEnable/enablemessages_24.pdf,PDF:enablemessages_24
AddLinkIcon/addlink_30.pdf,PDF:addlink_30
EditTheme/colors_30.pdf,PDF:colors_30
IconChats/ic_tb_chats.pdf,PDF:ic_tb_chats
CallSwitchCameraButton/ic_flip (1).pdf,PDF:call_switch_camera_button_ic_flip_1
AttachedContentInstantIcon/InstantIcon.svg,vectors_svg/instant_icon.svg
TextFramed/ic_menu_font3.pdf,PDF:ic_menu_font3
EmojiPack/customemoji_30.pdf,PDF:customemoji_30
LivePhotoPlay/play1.pdf,PDF:play1
MessageSelectionForward/ic_forward.pdf,PDF:message_selection_forward_ic_forward
InstantViewOff/boostoff_24.pdf,PDF:boostoff_24
CallIncomingIcon/incoming_call_20.pdf,PDF:incoming_call_20
BotVerify/verify_30.pdf,PDF:verify_30
AddIcon/ic_add.pdf,PDF:ic_add
EntityInputClearIcon/backspace_30.pdf,PDF:backspace_30
PanelCollectibleIcon/diamond.pdf,PDF:diamond
UpButton/ic_uparrow.pdf,PDF:ic_uparrow
Miniapp/bot_30.pdf,PDF:miniapp_bot_30
Pencil/ic_edit.pdf,PDF:ic_edit
Time/time_24.svg,vectors_svg/time_24.svg
Speaking/ic_vc_volume.pdf,PDF:ic_vc_volume
Email/email.pdf,PDF:email
ReplyCount/replies.pdf,PDF:reply_count_replies
NavigateToPollVotes/pollchat.pdf,PDF:pollchat
BotSettings/ic_bot.pdf,PDF:ic_bot
ExpandableSelectorArrows/arrows.pdf,PDF:arrows
MoveToChats/movetochats_24.pdf,PDF:movetochats_24
Wifi/wifi.pdf,PDF:wifi
BotPattern/bot.pdf,PDF:bot_pattern_bot
LargeManagedBotIcon/botmanlarge.pdf,PDF:botmanlarge
Tradable/au_30.pdf,PDF:au_30
LivePhotoOff/liveoffmini.pdf,PDF:liveoffmini
EntityInputStickersIcon/stickers_24.svg,vectors_svg/stickers_24.svg
StopPoll/ic_lt_stoppoll.pdf,PDF:ic_lt_stoppoll
DataExpandedOut/up.pdf,PDF:up
OrderRandom/ic_musicshuffle.pdf,PDF:ic_musicshuffle
Edit/ic_lt_edit.pdf,PDF:ic_lt_edit
ProfileLevelWarningIcon/badratingslider.pdf,PDF:badratingslider
AccessoryIconSilentPostOn/Rectangle1.pdf,PDF:rectangle1
Todo/todolist_30.pdf,PDF:todolist_30
Verified/miniappverify_14.pdf,PDF:miniappverify_14
InlineTextRightArrow/more.pdf,PDF:inline_text_right_arrow_more
PremiumIcon/premiumstar_16.pdf,PDF:premiumstar_16
OutgoingIcon/ic_outvoice.pdf,PDF:ic_outvoice
SelectAll/ic_selectall.pdf,PDF:ic_selectall
MenuReadIcon/Status.pdf,PDF:status
Loupe/ic_search_search.pdf,PDF:ic_search_search
ManagedBotInlineTextIcon/botmanmini.pdf,PDF:botmanmini
NavigationSearchTagsIcon/savedsearch_30.pdf,PDF:savedsearch_30
ParticleStickers/Stickers.svg,vectors_svg/stickers.svg
ButtonMore/ic_pf_more.pdf,PDF:ic_pf_more
NavigateToReactions/reactionchat.pdf,PDF:reactionchat
Account/badgeuser_24.pdf,PDF:badgeuser_24
SuggestPostDecline/cancel.pdf,PDF:cancel
Timeout/time.pdf,PDF:time
AccessoryIconGift/gift (1).pdf,PDF:gift_1
SideCloseIcon/close.pdf,PDF:side_close_icon_close
ReadAll/readallfolder_24.pdf,PDF:readallfolder_24
PostSuggestions/postsuggestions.pdf,PDF:postsuggestions
ButtonSearch/ic_search.pdf,PDF:button_search_ic_search
AlertAccentIcon/callstab_2.pdf,PDF:callstab_2
Unique/diamond_30.pdf,PDF:diamond_30
Bot/folder_bots_40.pdf,PDF:folder_bots_40
Avatar2/Avatar3.pdf,PDF:avatar3
OptionGlobeAmerica/loc8.pdf,PDF:loc8
ToastImprovingVideo/Improving_30.pdf,PDF:improving_30
LivePhoto/attach_live.pdf,PDF:attach_live
AirPlay/Airplay.pdf,PDF:airplay
ForwardedIcon/forwarded.pdf,PDF:forwarded
TextLockIcon/locksettings (1).pdf,PDF:text_lock_icon_locksettings_1
LargeGroup/ic_largegroup.pdf,PDF:ic_largegroup
ButtonCall/ic_pf_call.pdf,PDF:ic_pf_call
BotIntro/ic_info.pdf,PDF:bot_intro_ic_info
OverscrollFolder/Folder.svg,vectors_svg/overscroll_folder_folder.svg
Shuffle/shuffle.pdf,PDF:shuffle
Silently/sendwithoutsound.pdf,PDF:silently_sendwithoutsound
Cloud/cloud_30.pdf,PDF:cloud_30
Order/multicheck_30.pdf,PDF:multicheck_30
DecreaseFont/ic_lt_smallerfont.pdf,PDF:ic_lt_smallerfont
IntroListEye/eye.pdf,PDF:intro_list_eye_eye
NavigationSettings/videosettings_30.pdf,PDF:videosettings_30
EmbeddedViewIcon/StoryEmbeddedViewIcon.svg,vectors_svg/story_embedded_view_icon.svg
HeaderPictureInPicture/pip.pdf,PDF:pip
Cost/highprice_30.pdf,PDF:highprice_30
MoveDown/movedown_24.pdf,PDF:movedown_24
SwitchCamera/switchcamera_30.pdf,PDF:switch_camera_switchcamera_30
VideoCall/ic_menuvideocall.pdf,PDF:ic_menuvideocall
Craft/craft_30.pdf,PDF:craft_30
Adjustments/ic_editor_tools.pdf,PDF:ic_editor_tools
Features/about_30.pdf,PDF:about_30
Panorama/attach_pano.pdf,PDF:attach_pano
Chrome/chrome.pdf,PDF:chrome
ScanQr/scanqr_24.pdf,PDF:scanqr_24
AnonymousSenderIcon/large_hidden 1.pdf,PDF:large_hidden_1
CallAcceptButton/ic_calls_accept.pdf,PDF:ic_calls_accept
QuoteSelected/IconQuoteSelected.svg,vectors_svg/icon_quote_selected.svg
Done/ic_editor_check (2).pdf,PDF:done_ic_editor_check_2
Read/folder_read_40.pdf,PDF:folder_read_40
ReportXxx/ic_menuxxx.pdf,PDF:ic_menuxxx
Animated/attach_animated.pdf,PDF:attach_animated
"Unfave/Size=24px, Type=Crossed Out.pdf",PDF:size_24px_type_crossed_out
CallVideoIncomingIcon/incoming_video_call_20.pdf,PDF:incoming_video_call_20
Play/restarttopic_24.pdf,PDF:restarttopic_24
BidLarge/bid_120.pdf,PDF:bid_120
Unmute/ic_unmute.pdf,PDF:ic_unmute
GreetingShortcut/greetingdemo.pdf,PDF:greetingdemo
FreeRepliesIcon/replies_sticker.pdf,PDF:replies_sticker
WhenOnlineIcon/sendthenonline.pdf,PDF:when_online_icon_sendthenonline
arrow_right/arrow_left.pdf,PDF:arrow_left
Telegram/tlogo_24.pdf,PDF:telegram_tlogo_24
StealthModeIntroIconHideNext/rewind_301.svg,vectors_svg/rewind_301.svg
Microphone/microphone.pdf,PDF:microphone
HiddenIcon/hidden_30.pdf,PDF:hidden_30
PanelSavedIcon/favourites_2455.svg,vectors_svg/favourites_2455.svg
TagEditIcon/tagedit_30.pdf,PDF:tagedit_30
Google/android.pdf,PDF:google_android
X2/2x.pdf,PDF:img_2x
PinnedList/ic_menu_pinnedlist.pdf,PDF:ic_menu_pinnedlist_2
AntiSpam/reportfalse_24.pdf,PDF:reportfalse_24
Topics/forum.pdf,PDF:forum
ScreenShareTablet/sharingscreenipad (1).pdf,PDF:sharingscreenipad_1
SidebarIcon/tabsleft.pdf,PDF:tabsleft
Pause/wait.pdf,PDF:wait
InfoActiveIcon/ic_infofilled_svg.pdf,PDF:ic_infofilled_svg
CommensCross/comments2.pdf,PDF:comments2
Media/ic_search_media.pdf,PDF:ic_search_media
GiftIcon/gift (3).pdf,PDF:gift_3_2
GiftStore/resale.pdf,PDF:resale
Restrict/ic_lt_restrict.pdf,PDF:ic_lt_restrict
Screenshot/attach_screen.pdf,PDF:attach_screen
Collection/folder_24.pdf,PDF:folder_24
AccessoryIconCommands/ic_bot1.pdf,PDF:ic_bot1
BotProfile/botprofile (1).pdf,PDF:botprofile_1
SavedMessagesIcon/ic_av_savedmessages (2).pdf,PDF:ic_av_savedmessages_2
Drop/drop.pdf,PDF:drop
Dice/dice.pdf,PDF:dice
View/eye.pdf,PDF:view_eye
TrackActiveIcon/ic_gps_filled.pdf,PDF:ic_gps_filled
Copy/ic_lt_copy.pdf,PDF:ic_lt_copy
Checkbox/checkbox.pdf,PDF:checkbox
ReactionsBadgeIcon/reactionlist.pdf,PDF:reactionlist
Premium/premium.pdf,PDF:premium
CallIcon/phoneplus_24.pdf,PDF:phoneplus_24
BotPhone/botsimcard.pdf,PDF:botsimcard
CallNotificationDeclineIcon/phone.down.fill.svg,vectors_svg/phone_down_fill.svg
BotWebApp/Size=10px-2.pdf,PDF:size_10px_2
AddCollection/addfolder_24.svg,vectors_svg/add_collection_addfolder_24.svg
ShareIcon/ic_chat_share.pdf,PDF:ic_chat_share
Boost/boost_24 (3).pdf,PDF:boost_24_3
LinkColor/linkcolor_30.pdf,PDF:linkcolor_30
CallMessageButton/comment.pdf,PDF:comment
AppIcon/tlogo_24.pdf,PDF:app_icon_tlogo_24
BubbleReplies/Ic_viewinchat.pdf,PDF:bubble_replies_ic_viewinchat
Apple/apple.pdf,PDF:apple
PaidBroadcast/paidbroadcast.pdf,PDF:paidbroadcast
Resend/ic_lt_resend.pdf,PDF:ic_lt_resend
DataExpandedIn/down.pdf,PDF:down
LinkLocked/linklocked.pdf,PDF:linklocked
SelfExpiring/ic_autodeleteindicator.pdf,PDF:ic_autodeleteindicator
Xbox/xbox_30-2.pdf,PDF:xbox_30_2
Badge/nft_30.pdf,PDF:nft_30
ComposeIcon/ic_create.pdf,PDF:ic_create
Add/ic_lt_add.pdf,PDF:ic_lt_add
ReactionTagBackground/MessageTagBackground.svg,vectors_svg/message_tag_background.svg
DownButton/ic_downarrow.pdf,PDF:ic_downarrow
LockBubble/LockBubble.pdf,PDF:lock_bubble
AttachIcon/attach.pdf,PDF:attach
WebpageIcon/ic_link (1).pdf,PDF:ic_link_1
Unlink/linkexpired.pdf,PDF:linkexpired
Expired/ic_linkexpired.pdf,PDF:ic_linkexpired
iPhone/iphone.pdf,PDF:iphone
Schedule/ic_lt_schedule.pdf,PDF:ic_lt_schedule
InputLikeOn/heartfilled_30.pdf,PDF:heartfilled_30
CallSpeakerButton/ic_call_speaker.pdf,PDF:call_speaker_button_ic_call_speaker
Refresh/rotate_18.pdf,PDF:rotate_18
Rotate/ic_editor_rotate.pdf,PDF:ic_editor_rotate
Gif/ic_gif.pdf,PDF:ic_gif
